// Code generated by protoc-gen-go-pulsar. DO NOT EDIT.
package types

import (
	_ "github.com/cosmos/gogoproto/gogoproto"
	_ "google.golang.org/genproto/googleapis/api/annotations"
	protoreflect "google.golang.org/protobuf/reflect/protoreflect"
	protoimpl "google.golang.org/protobuf/runtime/protoimpl"
	reflect "reflect"
)

// Code generated by protoc-gen-go. DO NOT EDIT.
// versions:
// 	protoc-gen-go v1.27.0
// 	protoc        (unknown)
// source: types/query.proto

const (
	// Verify that this generated code is sufficiently up-to-date.
	_ = protoimpl.EnforceVersion(20 - protoimpl.MinVersion)
	// Verify that runtime/protoimpl is sufficiently up-to-date.
	_ = protoimpl.EnforceVersion(protoimpl.MaxVersion - 20)
)

var File_types_query_proto protoreflect.FileDescriptor

var file_types_query_proto_rawDesc = []byte{
	0x0a, 0x11, 0x74, 0x79, 0x70, 0x65, 0x73, 0x2f, 0x71, 0x75, 0x65, 0x72, 0x79, 0x2e, 0x70, 0x72,
	0x6f, 0x74, 0x6f, 0x12, 0x05, 0x74, 0x79, 0x70, 0x65, 0x73, 0x1a, 0x1c, 0x67, 0x6f, 0x6f, 0x67,
	0x6c, 0x65, 0x2f, 0x61, 0x70, 0x69, 0x2f, 0x61, 0x6e, 0x6e, 0x6f, 0x74, 0x61, 0x74, 0x69, 0x6f,
	0x6e, 0x73, 0x2e, 0x70, 0x72, 0x6f, 0x74, 0x6f, 0x1a, 0x14, 0x67, 0x6f, 0x67, 0x6f, 0x70, 0x72,
	0x6f, 0x74, 0x6f, 0x2f, 0x67, 0x6f, 0x67, 0x6f, 0x2e, 0x70, 0x72, 0x6f, 0x74, 0x6f, 0x1a, 0x16,
	0x74, 0x79, 0x70, 0x65, 0x73, 0x2f, 0x71, 0x75, 0x65, 0x72, 0x79, 0x5f, 0x70, 0x6f, 0x6f, 0x6c,
	0x2e, 0x70, 0x72, 0x6f, 0x74, 0x6f, 0x1a, 0x1e, 0x74, 0x79, 0x70, 0x65, 0x73, 0x2f, 0x71, 0x75,
	0x65, 0x72, 0x79, 0x5f, 0x64, 0x65, 0x72, 0x69, 0x76, 0x65, 0x64, 0x5f, 0x70, 0x6f, 0x6f, 0x6c,
	0x2e, 0x70, 0x72, 0x6f, 0x74, 0x6f, 0x1a, 0x24, 0x74, 0x79, 0x70, 0x65, 0x73, 0x2f, 0x71, 0x75,
	0x65, 0x72, 0x79, 0x5f, 0x6c, 0x69, 0x71, 0x75, 0x69, 0x64, 0x69, 0x74, 0x79, 0x5f, 0x70, 0x72,
	0x6f, 0x76, 0x69, 0x64, 0x65, 0x72, 0x2e, 0x70, 0x72, 0x6f, 0x74, 0x6f, 0x1a, 0x17, 0x74, 0x79,
	0x70, 0x65, 0x73, 0x2f, 0x71, 0x75, 0x65, 0x72, 0x79, 0x5f, 0x73, 0x61, 0x76, 0x65, 0x72, 0x2e,
	0x70, 0x72, 0x6f, 0x74, 0x6f, 0x1a, 0x1a, 0x74, 0x79, 0x70, 0x65, 0x73, 0x2f, 0x71, 0x75, 0x65,
	0x72, 0x79, 0x5f, 0x62, 0x6f, 0x72, 0x72, 0x6f, 0x77, 0x65, 0x72, 0x2e, 0x70, 0x72, 0x6f, 0x74,
	0x6f, 0x1a, 0x1c, 0x74, 0x79, 0x70, 0x65, 0x73, 0x2f, 0x71, 0x75, 0x65, 0x72, 0x79, 0x5f, 0x74,
	0x72, 0x61, 0x64, 0x65, 0x5f, 0x75, 0x6e, 0x69, 0x74, 0x2e, 0x70, 0x72, 0x6f, 0x74, 0x6f, 0x1a,
	0x1f, 0x74, 0x79, 0x70, 0x65, 0x73, 0x2f, 0x71, 0x75, 0x65, 0x72, 0x79, 0x5f, 0x74, 0x72, 0x61,
	0x64, 0x65, 0x5f, 0x61, 0x63, 0x63, 0x6f, 0x75, 0x6e, 0x74, 0x2e, 0x70, 0x72, 0x6f, 0x74, 0x6f,
	0x1a, 0x16, 0x74, 0x79, 0x70, 0x65, 0x73, 0x2f, 0x71, 0x75, 0x65, 0x72, 0x79, 0x5f, 0x6e, 0x6f,
	0x64, 0x65, 0x2e, 0x70, 0x72, 0x6f, 0x74, 0x6f, 0x1a, 0x1b, 0x74, 0x79, 0x70, 0x65, 0x73, 0x2f,
	0x71, 0x75, 0x65, 0x72, 0x79, 0x5f, 0x70, 0x6f, 0x6f, 0x6c, 0x5f, 0x73, 0x6c, 0x69, 0x70, 0x2e,
	0x70, 0x72, 0x6f, 0x74, 0x6f, 0x1a, 0x1e, 0x74, 0x79, 0x70, 0x65, 0x73, 0x2f, 0x71, 0x75, 0x65,
	0x72, 0x79, 0x5f, 0x6f, 0x75, 0x74, 0x62, 0x6f, 0x75, 0x6e, 0x64, 0x5f, 0x66, 0x65, 0x65, 0x2e,
	0x70, 0x72, 0x6f, 0x74, 0x6f, 0x1a, 0x20, 0x74, 0x79, 0x70, 0x65, 0x73, 0x2f, 0x71, 0x75, 0x65,
	0x72, 0x79, 0x5f, 0x73, 0x74, 0x72, 0x65, 0x61, 0x6d, 0x69, 0x6e, 0x67, 0x5f, 0x73, 0x77, 0x61,
	0x70, 0x2e, 0x70, 0x72, 0x6f, 0x74, 0x6f, 0x1a, 0x15, 0x74, 0x79, 0x70, 0x65, 0x73, 0x2f, 0x71,
	0x75, 0x65, 0x72, 0x79, 0x5f, 0x62, 0x61, 0x6e, 0x2e, 0x70, 0x72, 0x6f, 0x74, 0x6f, 0x1a, 0x1a,
	0x74, 0x79, 0x70, 0x65, 0x73, 0x2f, 0x74, 0x79, 0x70, 0x65, 0x5f, 0x62, 0x61, 0x6e, 0x5f, 0x76,
	0x6f, 0x74, 0x65, 0x72, 0x2e, 0x70, 0x72, 0x6f, 0x74, 0x6f, 0x1a, 0x1a, 0x74, 0x79, 0x70, 0x65,
	0x73, 0x2f, 0x71, 0x75, 0x65, 0x72, 0x79, 0x5f, 0x72, 0x61, 0x67, 0x6e, 0x61, 0x72, 0x6f, 0x6b,
	0x2e, 0x70, 0x72, 0x6f, 0x74, 0x6f, 0x1a, 0x1b, 0x74, 0x79, 0x70, 0x65, 0x73, 0x2f, 0x71, 0x75,
	0x65, 0x72, 0x79, 0x5f, 0x72, 0x75, 0x6e, 0x65, 0x5f, 0x70, 0x6f, 0x6f, 0x6c, 0x2e, 0x70, 0x72,
	0x6f, 0x74, 0x6f, 0x1a, 0x1f, 0x74, 0x79, 0x70, 0x65, 0x73, 0x2f, 0x71, 0x75, 0x65, 0x72, 0x79,
	0x5f, 0x72, 0x75, 0x6e, 0x65, 0x5f, 0x70, 0x72, 0x6f, 0x76, 0x69, 0x64, 0x65, 0x72, 0x2e, 0x70,
	0x72, 0x6f, 0x74, 0x6f, 0x1a, 0x17, 0x74, 0x79, 0x70, 0x65, 0x73, 0x2f, 0x71, 0x75, 0x65, 0x72,
	0x79, 0x5f, 0x6d, 0x69, 0x6d, 0x69, 0x72, 0x2e, 0x70, 0x72, 0x6f, 0x74, 0x6f, 0x1a, 0x21, 0x74,
	0x79, 0x70, 0x65, 0x73, 0x2f, 0x71, 0x75, 0x65, 0x72, 0x79, 0x5f, 0x69, 0x6e, 0x62, 0x6f, 0x75,
	0x6e, 0x64, 0x5f, 0x61, 0x64, 0x64, 0x72, 0x65, 0x73, 0x73, 0x2e, 0x70, 0x72, 0x6f, 0x74, 0x6f,
	0x1a, 0x19, 0x74, 0x79, 0x70, 0x65, 0x73, 0x2f, 0x71, 0x75, 0x65, 0x72, 0x79, 0x5f, 0x76, 0x65,
	0x72, 0x73, 0x69, 0x6f, 0x6e, 0x2e, 0x70, 0x72, 0x6f, 0x74, 0x6f, 0x1a, 0x1a, 0x74, 0x79, 0x70,
	0x65, 0x73, 0x2f, 0x71, 0x75, 0x65, 0x72, 0x79, 0x5f, 0x74, 0x68, 0x6f, 0x72, 0x6e, 0x61, 0x6d,
	0x65, 0x2e, 0x70, 0x72, 0x6f, 0x74, 0x6f, 0x1a, 0x1c, 0x74, 0x79, 0x70, 0x65, 0x73, 0x2f, 0x71,
	0x75, 0x65, 0x72, 0x79, 0x5f, 0x69, 0x6e, 0x76, 0x61, 0x72, 0x69, 0x61, 0x6e, 0x74, 0x73, 0x2e,
	0x70, 0x72, 0x6f, 0x74, 0x6f, 0x1a, 0x19, 0x74, 0x79, 0x70, 0x65, 0x73, 0x2f, 0x71, 0x75, 0x65,
	0x72, 0x79, 0x5f, 0x6e, 0x65, 0x74, 0x77, 0x6f, 0x72, 0x6b, 0x2e, 0x70, 0x72, 0x6f, 0x74, 0x6f,
	0x1a, 0x20, 0x74, 0x79, 0x70, 0x65, 0x73, 0x2f, 0x71, 0x75, 0x65, 0x72, 0x79, 0x5f, 0x62, 0x61,
	0x6c, 0x61, 0x6e, 0x63, 0x65, 0x5f, 0x6d, 0x6f, 0x64, 0x75, 0x6c, 0x65, 0x2e, 0x70, 0x72, 0x6f,
	0x74, 0x6f, 0x1a, 0x18, 0x74, 0x79, 0x70, 0x65, 0x73, 0x2f, 0x71, 0x75, 0x65, 0x72, 0x79, 0x5f,
	0x71, 0x75, 0x6f, 0x74, 0x65, 0x73, 0x2e, 0x70, 0x72, 0x6f, 0x74, 0x6f, 0x1a, 0x21, 0x74, 0x79,
	0x70, 0x65, 0x73, 0x2f, 0x71, 0x75, 0x65, 0x72, 0x79, 0x5f, 0x63, 0x6f, 0x6e, 0x73, 0x74, 0x61,
	0x6e, 0x74, 0x5f, 0x76, 0x61, 0x6c, 0x75, 0x65, 0x73, 0x2e, 0x70, 0x72, 0x6f, 0x74, 0x6f, 0x1a,
	0x1c, 0x74, 0x79, 0x70, 0x65, 0x73, 0x2f, 0x71, 0x75, 0x65, 0x72, 0x79, 0x5f, 0x73, 0x77, 0x61,
	0x70, 0x5f, 0x71, 0x75, 0x65, 0x75, 0x65, 0x2e, 0x70, 0x72, 0x6f, 0x74, 0x6f, 0x1a, 0x1e, 0x74,
	0x79, 0x70, 0x65, 0x73, 0x2f, 0x71, 0x75, 0x65, 0x72, 0x79, 0x5f, 0x73, 0x77, 0x61, 0x70, 0x5f,
	0x64, 0x65, 0x74, 0x61, 0x69, 0x6c, 0x73, 0x2e, 0x70, 0x72, 0x6f, 0x74, 0x6f, 0x1a, 0x1d, 0x74,
	0x79, 0x70, 0x65, 0x73, 0x2f, 0x71, 0x75, 0x65, 0x72, 0x79, 0x5f, 0x6c, 0x69, 0x6d, 0x69, 0x74,
	0x5f, 0x73, 0x77, 0x61, 0x70, 0x73, 0x2e, 0x70, 0x72, 0x6f, 0x74, 0x6f, 0x1a, 0x25, 0x74, 0x79,
	0x70, 0x65, 0x73, 0x2f, 0x71, 0x75, 0x65, 0x72, 0x79, 0x5f, 0x6c, 0x69, 0x6d, 0x69, 0x74, 0x5f,
	0x73, 0x77, 0x61, 0x70, 0x73, 0x5f, 0x73, 0x75, 0x6d, 0x6d, 0x61, 0x72, 0x79, 0x2e, 0x70, 0x72,
	0x6f, 0x74, 0x6f, 0x1a, 0x1c, 0x74, 0x79, 0x70, 0x65, 0x73, 0x2f, 0x71, 0x75, 0x65, 0x72, 0x79,
	0x5f, 0x6c, 0x61, 0x73, 0x74, 0x5f, 0x62, 0x6c, 0x6f, 0x63, 0x6b, 0x2e, 0x70, 0x72, 0x6f, 0x74,
	0x6f, 0x1a, 0x17, 0x74, 0x79, 0x70, 0x65, 0x73, 0x2f, 0x71, 0x75, 0x65, 0x72, 0x79, 0x5f, 0x76,
	0x61, 0x75, 0x6c, 0x74, 0x2e, 0x70, 0x72, 0x6f, 0x74, 0x6f, 0x1a, 0x14, 0x74, 0x79, 0x70, 0x65,
	0x73, 0x2f, 0x71, 0x75, 0x65, 0x72, 0x79, 0x5f, 0x74, 0x78, 0x2e, 0x70, 0x72, 0x6f, 0x74, 0x6f,
	0x1a, 0x1f, 0x74, 0x79, 0x70, 0x65, 0x73, 0x2f, 0x71, 0x75, 0x65, 0x72, 0x79, 0x5f, 0x73, 0x77,
	0x61, 0x70, 0x70, 0x65, 0x72, 0x5f, 0x63, 0x6c, 0x6f, 0x75, 0x74, 0x2e, 0x70, 0x72, 0x6f, 0x74,
	0x6f, 0x1a, 0x16, 0x74, 0x79, 0x70, 0x65, 0x73, 0x2f, 0x74, 0x79, 0x70, 0x65, 0x5f, 0x63, 0x6c,
	0x6f, 0x75, 0x74, 0x2e, 0x70, 0x72, 0x6f, 0x74, 0x6f, 0x1a, 0x17, 0x74, 0x79, 0x70, 0x65, 0x73,
	0x2f, 0x71, 0x75, 0x65, 0x72, 0x79, 0x5f, 0x71, 0x75, 0x65, 0x75, 0x65, 0x2e, 0x70, 0x72, 0x6f,
	0x74, 0x6f, 0x1a, 0x1a, 0x74, 0x79, 0x70, 0x65, 0x73, 0x2f, 0x71, 0x75, 0x65, 0x72, 0x79, 0x5f,
	0x6f, 0x75, 0x74, 0x62, 0x6f, 0x75, 0x6e, 0x64, 0x2e, 0x70, 0x72, 0x6f, 0x74, 0x6f, 0x1a, 0x17,
	0x74, 0x79, 0x70, 0x65, 0x73, 0x2f, 0x71, 0x75, 0x65, 0x72, 0x79, 0x5f, 0x62, 0x6c, 0x6f, 0x63,
	0x6b, 0x2e, 0x70, 0x72, 0x6f, 0x74, 0x6f, 0x1a, 0x15, 0x74, 0x79, 0x70, 0x65, 0x73, 0x2f, 0x71,
	0x75, 0x65, 0x72, 0x79, 0x5f, 0x74, 0x73, 0x73, 0x2e, 0x70, 0x72, 0x6f, 0x74, 0x6f, 0x1a, 0x1b,
	0x74, 0x79, 0x70, 0x65, 0x73, 0x2f, 0x74, 0x79, 0x70, 0x65, 0x5f, 0x74, 0x73, 0x73, 0x5f, 0x6d,
	0x65, 0x74, 0x72, 0x69, 0x63, 0x2e, 0x70, 0x72, 0x6f, 0x74, 0x6f, 0x1a, 0x1a, 0x74, 0x79, 0x70,
	0x65, 0x73, 0x2f, 0x71, 0x75, 0x65, 0x72, 0x79, 0x5f, 0x6b, 0x65, 0x79, 0x73, 0x74, 0x6f, 0x72,
	0x65, 0x2e, 0x70, 0x72, 0x6f, 0x74, 0x6f, 0x1a, 0x19, 0x74, 0x79, 0x70, 0x65, 0x73, 0x2f, 0x71,
	0x75, 0x65, 0x72, 0x79, 0x5f, 0x75, 0x70, 0x67, 0x72, 0x61, 0x64, 0x65, 0x2e, 0x70, 0x72, 0x6f,
	0x74, 0x6f, 0x1a, 0x19, 0x74, 0x79, 0x70, 0x65, 0x73, 0x2f, 0x71, 0x75, 0x65, 0x72, 0x79, 0x5f,
	0x61, 0x63, 0x63, 0x6f, 0x75, 0x6e, 0x74, 0x2e, 0x70, 0x72, 0x6f, 0x74, 0x6f, 0x1a, 0x18, 0x74,
	0x79, 0x70, 0x65, 0x73, 0x2f, 0x71, 0x75, 0x65, 0x72, 0x79, 0x5f, 0x65, 0x78, 0x70, 0x6f, 0x72,
	0x74, 0x2e, 0x70, 0x72, 0x6f, 0x74, 0x6f, 0x1a, 0x16, 0x74, 0x79, 0x70, 0x65, 0x73, 0x2f, 0x71,
	0x75, 0x65, 0x72, 0x79, 0x5f, 0x62, 0x61, 0x6e, 0x6b, 0x2e, 0x70, 0x72, 0x6f, 0x74, 0x6f, 0x1a,
	0x1f, 0x74, 0x79, 0x70, 0x65, 0x73, 0x2f, 0x71, 0x75, 0x65, 0x72, 0x79, 0x5f, 0x73, 0x65, 0x63,
	0x75, 0x72, 0x65, 0x64, 0x5f, 0x61, 0x73, 0x73, 0x65, 0x74, 0x2e, 0x70, 0x72, 0x6f, 0x74, 0x6f,
	0x1a, 0x1d, 0x74, 0x79, 0x70, 0x65, 0x73, 0x2f, 0x71, 0x75, 0x65, 0x72, 0x79, 0x5f, 0x74, 0x63,
	0x79, 0x5f, 0x73, 0x74, 0x61, 0x6b, 0x65, 0x72, 0x73, 0x2e, 0x70, 0x72, 0x6f, 0x74, 0x6f, 0x1a,
	0x1e, 0x74, 0x79, 0x70, 0x65, 0x73, 0x2f, 0x71, 0x75, 0x65, 0x72, 0x79, 0x5f, 0x74, 0x63, 0x79,
	0x5f, 0x63, 0x6c, 0x61, 0x69, 0x6d, 0x65, 0x72, 0x73, 0x2e, 0x70, 0x72, 0x6f, 0x74, 0x6f, 0x1a,
	0x17, 0x74, 0x79, 0x70, 0x65, 0x73, 0x2f, 0x71, 0x75, 0x65, 0x72, 0x79, 0x5f, 0x63, 0x6f, 0x64,
	0x65, 0x73, 0x2e, 0x70, 0x72, 0x6f, 0x74, 0x6f, 0x1a, 0x1e, 0x74, 0x79, 0x70, 0x65, 0x73, 0x2f,
	0x71, 0x75, 0x65, 0x72, 0x79, 0x5f, 0x6f, 0x72, 0x61, 0x63, 0x6c, 0x65, 0x5f, 0x70, 0x72, 0x69,
	0x63, 0x65, 0x2e, 0x70, 0x72, 0x6f, 0x74, 0x6f, 0x1a, 0x18, 0x74, 0x79, 0x70, 0x65, 0x73, 0x2f,
	0x71, 0x75, 0x65, 0x72, 0x79, 0x5f, 0x65, 0x69, 0x70, 0x37, 0x31, 0x32, 0x2e, 0x70, 0x72, 0x6f,
	0x74, 0x6f, 0x1a, 0x20, 0x74, 0x79, 0x70, 0x65, 0x73, 0x2f, 0x71, 0x75, 0x65, 0x72, 0x79, 0x5f,
	0x72, 0x65, 0x66, 0x65, 0x72, 0x65, 0x6e, 0x63, 0x65, 0x5f, 0x6d, 0x65, 0x6d, 0x6f, 0x2e, 0x70,
	0x72, 0x6f, 0x74, 0x6f, 0x32, 0xea, 0x4b, 0x0a, 0x05, 0x51, 0x75, 0x65, 0x72, 0x79, 0x12, 0x64,
	0x0a, 0x07, 0x41, 0x63, 0x63, 0x6f, 0x75, 0x6e, 0x74, 0x12, 0x1a, 0x2e, 0x74, 0x79, 0x70, 0x65,
	0x73, 0x2e, 0x51, 0x75, 0x65, 0x72, 0x79, 0x41, 0x63, 0x63, 0x6f, 0x75, 0x6e, 0x74, 0x52, 0x65,
	0x71, 0x75, 0x65, 0x73, 0x74, 0x1a, 0x1b, 0x2e, 0x74, 0x79, 0x70, 0x65, 0x73, 0x2e, 0x51, 0x75,
	0x65, 0x72, 0x79, 0x41, 0x63, 0x63, 0x6f, 0x75, 0x6e, 0x74, 0x52, 0x65, 0x73, 0x70, 0x6f, 0x6e,
	0x73, 0x65, 0x22, 0x20, 0x82, 0xd3, 0xe4, 0x93, 0x02, 0x1a, 0x12, 0x18, 0x2f, 0x61, 0x75, 0x74,
	0x68, 0x2f, 0x61, 0x63, 0x63, 0x6f, 0x75, 0x6e, 0x74, 0x73, 0x2f, 0x7b, 0x61, 0x64, 0x64, 0x72,
	0x65, 0x73, 0x73, 0x7d, 0x12, 0x67, 0x0a, 0x08, 0x42, 0x61, 0x6c, 0x61, 0x6e, 0x63, 0x65, 0x73,
	0x12, 0x1b, 0x2e, 0x74, 0x79, 0x70, 0x65, 0x73, 0x2e, 0x51, 0x75, 0x65, 0x72, 0x79, 0x42, 0x61,
	0x6c, 0x61, 0x6e, 0x63, 0x65, 0x73, 0x52, 0x65, 0x71, 0x75, 0x65, 0x73, 0x74, 0x1a, 0x1c, 0x2e,
	0x74, 0x79, 0x70, 0x65, 0x73, 0x2e, 0x51, 0x75, 0x65, 0x72, 0x79, 0x42, 0x61, 0x6c, 0x61, 0x6e,
	0x63, 0x65, 0x73, 0x52, 0x65, 0x73, 0x70, 0x6f, 0x6e, 0x73, 0x65, 0x22, 0x20, 0x82, 0xd3, 0xe4,
	0x93, 0x02, 0x1a, 0x12, 0x18, 0x2f, 0x62, 0x61, 0x6e, 0x6b, 0x2f, 0x62, 0x61, 0x6c, 0x61, 0x6e,
	0x63, 0x65, 0x73, 0x2f, 0x7b, 0x61, 0x64, 0x64, 0x72, 0x65, 0x73, 0x73, 0x7d, 0x12, 0x5a, 0x0a,
	0x06, 0x45, 0x78, 0x70, 0x6f, 0x72, 0x74, 0x12, 0x19, 0x2e, 0x74, 0x79, 0x70, 0x65, 0x73, 0x2e,
	0x51, 0x75, 0x65, 0x72, 0x79, 0x45, 0x78, 0x70, 0x6f, 0x72, 0x74, 0x52, 0x65, 0x71, 0x75, 0x65,
	0x73, 0x74, 0x1a, 0x1a, 0x2e, 0x74, 0x79, 0x70, 0x65, 0x73, 0x2e, 0x51, 0x75, 0x65, 0x72, 0x79,
	0x45, 0x78, 0x70, 0x6f, 0x72, 0x74, 0x52, 0x65, 0x73, 0x70, 0x6f, 0x6e, 0x73, 0x65, 0x22, 0x19,
	0x82, 0xd3, 0xe4, 0x93, 0x02, 0x13, 0x12, 0x11, 0x2f, 0x74, 0x68, 0x6f, 0x72, 0x63, 0x68, 0x61,
	0x69, 0x6e, 0x2f, 0x65, 0x78, 0x70, 0x6f, 0x72, 0x74, 0x12, 0x5a, 0x0a, 0x04, 0x50, 0x6f, 0x6f,
	0x6c, 0x12, 0x17, 0x2e, 0x74, 0x79, 0x70, 0x65, 0x73, 0x2e, 0x51, 0x75, 0x65, 0x72, 0x79, 0x50,
	0x6f, 0x6f, 0x6c, 0x52, 0x65, 0x71, 0x75, 0x65, 0x73, 0x74, 0x1a, 0x18, 0x2e, 0x74, 0x79, 0x70,
	0x65, 0x73, 0x2e, 0x51, 0x75, 0x65, 0x72, 0x79, 0x50, 0x6f, 0x6f, 0x6c, 0x52, 0x65, 0x73, 0x70,
	0x6f, 0x6e, 0x73, 0x65, 0x22, 0x1f, 0x82, 0xd3, 0xe4, 0x93, 0x02, 0x19, 0x12, 0x17, 0x2f, 0x74,
	0x68, 0x6f, 0x72, 0x63, 0x68, 0x61, 0x69, 0x6e, 0x2f, 0x70, 0x6f, 0x6f, 0x6c, 0x2f, 0x7b, 0x61,
	0x73, 0x73, 0x65, 0x74, 0x7d, 0x12, 0x56, 0x0a, 0x05, 0x50, 0x6f, 0x6f, 0x6c, 0x73, 0x12, 0x18,
	0x2e, 0x74, 0x79, 0x70, 0x65, 0x73, 0x2e, 0x51, 0x75, 0x65, 0x72, 0x79, 0x50, 0x6f, 0x6f, 0x6c,
	0x73, 0x52, 0x65, 0x71, 0x75, 0x65, 0x73, 0x74, 0x1a, 0x19, 0x2e, 0x74, 0x79, 0x70, 0x65, 0x73,
	0x2e, 0x51, 0x75, 0x65, 0x72, 0x79, 0x50, 0x6f, 0x6f, 0x6c, 0x73, 0x52, 0x65, 0x73, 0x70, 0x6f,
	0x6e, 0x73, 0x65, 0x22, 0x18, 0x82, 0xd3, 0xe4, 0x93, 0x02, 0x12, 0x12, 0x10, 0x2f, 0x74, 0x68,
	0x6f, 0x72, 0x63, 0x68, 0x61, 0x69, 0x6e, 0x2f, 0x70, 0x6f, 0x6f, 0x6c, 0x73, 0x12, 0x70, 0x0a,
	0x0b, 0x44, 0x65, 0x72, 0x69, 0x76, 0x65, 0x64, 0x50, 0x6f, 0x6f, 0x6c, 0x12, 0x1e, 0x2e, 0x74,
	0x79, 0x70, 0x65, 0x73, 0x2e, 0x51, 0x75, 0x65, 0x72, 0x79, 0x44, 0x65, 0x72, 0x69, 0x76, 0x65,
	0x64, 0x50, 0x6f, 0x6f, 0x6c, 0x52, 0x65, 0x71, 0x75, 0x65, 0x73, 0x74, 0x1a, 0x1f, 0x2e, 0x74,
	0x79, 0x70, 0x65, 0x73, 0x2e, 0x51, 0x75, 0x65, 0x72, 0x79, 0x44, 0x65, 0x72, 0x69, 0x76, 0x65,
	0x64, 0x50, 0x6f, 0x6f, 0x6c, 0x52, 0x65, 0x73, 0x70, 0x6f, 0x6e, 0x73, 0x65, 0x22, 0x20, 0x82,
	0xd3, 0xe4, 0x93, 0x02, 0x1a, 0x12, 0x18, 0x2f, 0x74, 0x68, 0x6f, 0x72, 0x63, 0x68, 0x61, 0x69,
	0x6e, 0x2f, 0x64, 0x70, 0x6f, 0x6f, 0x6c, 0x2f, 0x7b, 0x61, 0x73, 0x73, 0x65, 0x74, 0x7d, 0x12,
	0x6c, 0x0a, 0x0c, 0x44, 0x65, 0x72, 0x69, 0x76, 0x65, 0x64, 0x50, 0x6f, 0x6f, 0x6c, 0x73, 0x12,
	0x1f, 0x2e, 0x74, 0x79, 0x70, 0x65, 0x73, 0x2e, 0x51, 0x75, 0x65, 0x72, 0x79, 0x44, 0x65, 0x72,
	0x69, 0x76, 0x65, 0x64, 0x50, 0x6f, 0x6f, 0x6c, 0x73, 0x52, 0x65, 0x71, 0x75, 0x65, 0x73, 0x74,
	0x1a, 0x20, 0x2e, 0x74, 0x79, 0x70, 0x65, 0x73, 0x2e, 0x51, 0x75, 0x65, 0x72, 0x79, 0x44, 0x65,
	0x72, 0x69, 0x76, 0x65, 0x64, 0x50, 0x6f, 0x6f, 0x6c, 0x73, 0x52, 0x65, 0x73, 0x70, 0x6f, 0x6e,
	0x73, 0x65, 0x22, 0x19, 0x82, 0xd3, 0xe4, 0x93, 0x02, 0x13, 0x12, 0x11, 0x2f, 0x74, 0x68, 0x6f,
	0x72, 0x63, 0x68, 0x61, 0x69, 0x6e, 0x2f, 0x64, 0x70, 0x6f, 0x6f, 0x6c, 0x73, 0x12, 0x9e, 0x01,
	0x0a, 0x11, 0x4c, 0x69, 0x71, 0x75, 0x69, 0x64, 0x69, 0x74, 0x79, 0x50, 0x72, 0x6f, 0x76, 0x69,
	0x64, 0x65, 0x72, 0x12, 0x24, 0x2e, 0x74, 0x79, 0x70, 0x65, 0x73, 0x2e, 0x51, 0x75, 0x65, 0x72,
	0x79, 0x4c, 0x69, 0x71, 0x75, 0x69, 0x64, 0x69, 0x74, 0x79, 0x50, 0x72, 0x6f, 0x76, 0x69, 0x64,
	0x65, 0x72, 0x52, 0x65, 0x71, 0x75, 0x65, 0x73, 0x74, 0x1a, 0x25, 0x2e, 0x74, 0x79, 0x70, 0x65,
	0x73, 0x2e, 0x51, 0x75, 0x65, 0x72, 0x79, 0x4c, 0x69, 0x71, 0x75, 0x69, 0x64, 0x69, 0x74, 0x79,
	0x50, 0x72, 0x6f, 0x76, 0x69, 0x64, 0x65, 0x72, 0x52, 0x65, 0x73, 0x70, 0x6f, 0x6e, 0x73, 0x65,
	0x22, 0x3c, 0x82, 0xd3, 0xe4, 0x93, 0x02, 0x36, 0x12, 0x34, 0x2f, 0x74, 0x68, 0x6f, 0x72, 0x63,
	0x68, 0x61, 0x69, 0x6e, 0x2f, 0x70, 0x6f, 0x6f, 0x6c, 0x2f, 0x7b, 0x61, 0x73, 0x73, 0x65, 0x74,
	0x7d, 0x2f, 0x6c, 0x69, 0x71, 0x75, 0x69, 0x64, 0x69, 0x74, 0x79, 0x5f, 0x70, 0x72, 0x6f, 0x76,
	0x69, 0x64, 0x65, 0x72, 0x2f, 0x7b, 0x61, 0x64, 0x64, 0x72, 0x65, 0x73, 0x73, 0x7d, 0x12, 0x98,
	0x01, 0x0a, 0x12, 0x4c, 0x69, 0x71, 0x75, 0x69, 0x64, 0x69, 0x74, 0x79, 0x50, 0x72, 0x6f, 0x76,
	0x69, 0x64, 0x65, 0x72, 0x73, 0x12, 0x25, 0x2e, 0x74, 0x79, 0x70, 0x65, 0x73, 0x2e, 0x51, 0x75,
	0x65, 0x72, 0x79, 0x4c, 0x69, 0x71, 0x75, 0x69, 0x64, 0x69, 0x74, 0x79, 0x50, 0x72, 0x6f, 0x76,
	0x69, 0x64, 0x65, 0x72, 0x73, 0x52, 0x65, 0x71, 0x75, 0x65, 0x73, 0x74, 0x1a, 0x26, 0x2e, 0x74,
	0x79, 0x70, 0x65, 0x73, 0x2e, 0x51, 0x75, 0x65, 0x72, 0x79, 0x4c, 0x69, 0x71, 0x75, 0x69, 0x64,
	0x69, 0x74, 0x79, 0x50, 0x72, 0x6f, 0x76, 0x69, 0x64, 0x65, 0x72, 0x73, 0x52, 0x65, 0x73, 0x70,
	0x6f, 0x6e, 0x73, 0x65, 0x22, 0x33, 0x82, 0xd3, 0xe4, 0x93, 0x02, 0x2d, 0x12, 0x2b, 0x2f, 0x74,
	0x68, 0x6f, 0x72, 0x63, 0x68, 0x61, 0x69, 0x6e, 0x2f, 0x70, 0x6f, 0x6f, 0x6c, 0x2f, 0x7b, 0x61,
	0x73, 0x73, 0x65, 0x74, 0x7d, 0x2f, 0x6c, 0x69, 0x71, 0x75, 0x69, 0x64, 0x69, 0x74, 0x79, 0x5f,
	0x70, 0x72, 0x6f, 0x76, 0x69, 0x64, 0x65, 0x72, 0x73, 0x12, 0x6d, 0x0a, 0x05, 0x53, 0x61, 0x76,
	0x65, 0x72, 0x12, 0x18, 0x2e, 0x74, 0x79, 0x70, 0x65, 0x73, 0x2e, 0x51, 0x75, 0x65, 0x72, 0x79,
	0x53, 0x61, 0x76, 0x65, 0x72, 0x52, 0x65, 0x71, 0x75, 0x65, 0x73, 0x74, 0x1a, 0x19, 0x2e, 0x74,
	0x79, 0x70, 0x65, 0x73, 0x2e, 0x51, 0x75, 0x65, 0x72, 0x79, 0x53, 0x61, 0x76, 0x65, 0x72, 0x52,
	0x65, 0x73, 0x70, 0x6f, 0x6e, 0x73, 0x65, 0x22, 0x2f, 0x82, 0xd3, 0xe4, 0x93, 0x02, 0x29, 0x12,
	0x27, 0x2f, 0x74, 0x68, 0x6f, 0x72, 0x63, 0x68, 0x61, 0x69, 0x6e, 0x2f, 0x70, 0x6f, 0x6f, 0x6c,
	0x2f, 0x7b, 0x61, 0x73, 0x73, 0x65, 0x74, 0x7d, 0x2f, 0x73, 0x61, 0x76, 0x65, 0x72, 0x2f, 0x7b,
	0x61, 0x64, 0x64, 0x72, 0x65, 0x73, 0x73, 0x7d, 0x12, 0x67, 0x0a, 0x06, 0x53, 0x61, 0x76, 0x65,
	0x72, 0x73, 0x12, 0x19, 0x2e, 0x74, 0x79, 0x70, 0x65, 0x73, 0x2e, 0x51, 0x75, 0x65, 0x72, 0x79,
	0x53, 0x61, 0x76, 0x65, 0x72, 0x73, 0x52, 0x65, 0x71, 0x75, 0x65, 0x73, 0x74, 0x1a, 0x1a, 0x2e,
	0x74, 0x79, 0x70, 0x65, 0x73, 0x2e, 0x51, 0x75, 0x65, 0x72, 0x79, 0x53, 0x61, 0x76, 0x65, 0x72,
	0x73, 0x52, 0x65, 0x73, 0x70, 0x6f, 0x6e, 0x73, 0x65, 0x22, 0x26, 0x82, 0xd3, 0xe4, 0x93, 0x02,
	0x20, 0x12, 0x1e, 0x2f, 0x74, 0x68, 0x6f, 0x72, 0x63, 0x68, 0x61, 0x69, 0x6e, 0x2f, 0x70, 0x6f,
	0x6f, 0x6c, 0x2f, 0x7b, 0x61, 0x73, 0x73, 0x65, 0x74, 0x7d, 0x2f, 0x73, 0x61, 0x76, 0x65, 0x72,
	0x73, 0x12, 0x79, 0x0a, 0x08, 0x42, 0x6f, 0x72, 0x72, 0x6f, 0x77, 0x65, 0x72, 0x12, 0x1b, 0x2e,
	0x74, 0x79, 0x70, 0x65, 0x73, 0x2e, 0x51, 0x75, 0x65, 0x72, 0x79, 0x42, 0x6f, 0x72, 0x72, 0x6f,
	0x77, 0x65, 0x72, 0x52, 0x65, 0x71, 0x75, 0x65, 0x73, 0x74, 0x1a, 0x1c, 0x2e, 0x74, 0x79, 0x70,
	0x65, 0x73, 0x2e, 0x51, 0x75, 0x65, 0x72, 0x79, 0x42, 0x6f, 0x72, 0x72, 0x6f, 0x77, 0x65, 0x72,
	0x52, 0x65, 0x73, 0x70, 0x6f, 0x6e, 0x73, 0x65, 0x22, 0x32, 0x82, 0xd3, 0xe4, 0x93, 0x02, 0x2c,
	0x12, 0x2a, 0x2f, 0x74, 0x68, 0x6f, 0x72, 0x63, 0x68, 0x61, 0x69, 0x6e, 0x2f, 0x70, 0x6f, 0x6f,
	0x6c, 0x2f, 0x7b, 0x61, 0x73, 0x73, 0x65, 0x74, 0x7d, 0x2f, 0x62, 0x6f, 0x72, 0x72, 0x6f, 0x77,
	0x65, 0x72, 0x2f, 0x7b, 0x61, 0x64, 0x64, 0x72, 0x65, 0x73, 0x73, 0x7d, 0x12, 0x73, 0x0a, 0x09,
	0x42, 0x6f, 0x72, 0x72, 0x6f, 0x77, 0x65, 0x72, 0x73, 0x12, 0x1c, 0x2e, 0x74, 0x79, 0x70, 0x65,
	0x73, 0x2e, 0x51, 0x75, 0x65, 0x72, 0x79, 0x42, 0x6f, 0x72, 0x72, 0x6f, 0x77, 0x65, 0x72, 0x73,
	0x52, 0x65, 0x71, 0x75, 0x65, 0x73, 0x74, 0x1a, 0x1d, 0x2e, 0x74, 0x79, 0x70, 0x65, 0x73, 0x2e,
	0x51, 0x75, 0x65, 0x72, 0x79, 0x42, 0x6f, 0x72, 0x72, 0x6f, 0x77, 0x65, 0x72, 0x73, 0x52, 0x65,
	0x73, 0x70, 0x6f, 0x6e, 0x73, 0x65, 0x22, 0x29, 0x82, 0xd3, 0xe4, 0x93, 0x02, 0x23, 0x12, 0x21,
	0x2f, 0x74, 0x68, 0x6f, 0x72, 0x63, 0x68, 0x61, 0x69, 0x6e, 0x2f, 0x70, 0x6f, 0x6f, 0x6c, 0x2f,
	0x7b, 0x61, 0x73, 0x73, 0x65, 0x74, 0x7d, 0x2f, 0x62, 0x6f, 0x72, 0x72, 0x6f, 0x77, 0x65, 0x72,
	0x73, 0x12, 0x6f, 0x0a, 0x09, 0x54, 0x72, 0x61, 0x64, 0x65, 0x55, 0x6e, 0x69, 0x74, 0x12, 0x1c,
	0x2e, 0x74, 0x79, 0x70, 0x65, 0x73, 0x2e, 0x51, 0x75, 0x65, 0x72, 0x79, 0x54, 0x72, 0x61, 0x64,
	0x65, 0x55, 0x6e, 0x69, 0x74, 0x52, 0x65, 0x71, 0x75, 0x65, 0x73, 0x74, 0x1a, 0x1d, 0x2e, 0x74,
	0x79, 0x70, 0x65, 0x73, 0x2e, 0x51, 0x75, 0x65, 0x72, 0x79, 0x54, 0x72, 0x61, 0x64, 0x65, 0x55,
	0x6e, 0x69, 0x74, 0x52, 0x65, 0x73, 0x70, 0x6f, 0x6e, 0x73, 0x65, 0x22, 0x25, 0x82, 0xd3, 0xe4,
	0x93, 0x02, 0x1f, 0x12, 0x1d, 0x2f, 0x74, 0x68, 0x6f, 0x72, 0x63, 0x68, 0x61, 0x69, 0x6e, 0x2f,
	0x74, 0x72, 0x61, 0x64, 0x65, 0x2f, 0x75, 0x6e, 0x69, 0x74, 0x2f, 0x7b, 0x61, 0x73, 0x73, 0x65,
	0x74, 0x7d, 0x12, 0x6b, 0x0a, 0x0a, 0x54, 0x72, 0x61, 0x64, 0x65, 0x55, 0x6e, 0x69, 0x74, 0x73,
	0x12, 0x1d, 0x2e, 0x74, 0x79, 0x70, 0x65, 0x73, 0x2e, 0x51, 0x75, 0x65, 0x72, 0x79, 0x54, 0x72,
	0x61, 0x64, 0x65, 0x55, 0x6e, 0x69, 0x74, 0x73, 0x52, 0x65, 0x71, 0x75, 0x65, 0x73, 0x74, 0x1a,
	0x1e, 0x2e, 0x74, 0x79, 0x70, 0x65, 0x73, 0x2e, 0x51, 0x75, 0x65, 0x72, 0x79, 0x54, 0x72, 0x61,
	0x64, 0x65, 0x55, 0x6e, 0x69, 0x74, 0x73, 0x52, 0x65, 0x73, 0x70, 0x6f, 0x6e, 0x73, 0x65, 0x22,
	0x1e, 0x82, 0xd3, 0xe4, 0x93, 0x02, 0x18, 0x12, 0x16, 0x2f, 0x74, 0x68, 0x6f, 0x72, 0x63, 0x68,
	0x61, 0x69, 0x6e, 0x2f, 0x74, 0x72, 0x61, 0x64, 0x65, 0x2f, 0x75, 0x6e, 0x69, 0x74, 0x73, 0x12,
	0x7e, 0x0a, 0x0c, 0x54, 0x72, 0x61, 0x64, 0x65, 0x41, 0x63, 0x63, 0x6f, 0x75, 0x6e, 0x74, 0x12,
	0x1f, 0x2e, 0x74, 0x79, 0x70, 0x65, 0x73, 0x2e, 0x51, 0x75, 0x65, 0x72, 0x79, 0x54, 0x72, 0x61,
	0x64, 0x65, 0x41, 0x63, 0x63, 0x6f, 0x75, 0x6e, 0x74, 0x52, 0x65, 0x71, 0x75, 0x65, 0x73, 0x74,
	0x1a, 0x21, 0x2e, 0x74, 0x79, 0x70, 0x65, 0x73, 0x2e, 0x51, 0x75, 0x65, 0x72, 0x79, 0x54, 0x72,
	0x61, 0x64, 0x65, 0x41, 0x63, 0x63, 0x6f, 0x75, 0x6e, 0x74, 0x73, 0x52, 0x65, 0x73, 0x70, 0x6f,
	0x6e, 0x73, 0x65, 0x22, 0x2a, 0x82, 0xd3, 0xe4, 0x93, 0x02, 0x24, 0x12, 0x22, 0x2f, 0x74, 0x68,
	0x6f, 0x72, 0x63, 0x68, 0x61, 0x69, 0x6e, 0x2f, 0x74, 0x72, 0x61, 0x64, 0x65, 0x2f, 0x61, 0x63,
	0x63, 0x6f, 0x75, 0x6e, 0x74, 0x2f, 0x7b, 0x61, 0x64, 0x64, 0x72, 0x65, 0x73, 0x73, 0x7d, 0x12,
	0x7f, 0x0a, 0x0d, 0x54, 0x72, 0x61, 0x64, 0x65, 0x41, 0x63, 0x63, 0x6f, 0x75, 0x6e, 0x74, 0x73,
	0x12, 0x20, 0x2e, 0x74, 0x79, 0x70, 0x65, 0x73, 0x2e, 0x51, 0x75, 0x65, 0x72, 0x79, 0x54, 0x72,
	0x61, 0x64, 0x65, 0x41, 0x63, 0x63, 0x6f, 0x75, 0x6e, 0x74, 0x73, 0x52, 0x65, 0x71, 0x75, 0x65,
	0x73, 0x74, 0x1a, 0x21, 0x2e, 0x74, 0x79, 0x70, 0x65, 0x73, 0x2e, 0x51, 0x75, 0x65, 0x72, 0x79,
	0x54, 0x72, 0x61, 0x64, 0x65, 0x41, 0x63, 0x63, 0x6f, 0x75, 0x6e, 0x74, 0x73, 0x52, 0x65, 0x73,
	0x70, 0x6f, 0x6e, 0x73, 0x65, 0x22, 0x29, 0x82, 0xd3, 0xe4, 0x93, 0x02, 0x23, 0x12, 0x21, 0x2f,
	0x74, 0x68, 0x6f, 0x72, 0x63, 0x68, 0x61, 0x69, 0x6e, 0x2f, 0x74, 0x72, 0x61, 0x64, 0x65, 0x2f,
	0x61, 0x63, 0x63, 0x6f, 0x75, 0x6e, 0x74, 0x73, 0x2f, 0x7b, 0x61, 0x73, 0x73, 0x65, 0x74, 0x7d,
	0x12, 0x7a, 0x0a, 0x0c, 0x53, 0x65, 0x63, 0x75, 0x72, 0x65, 0x64, 0x41, 0x73, 0x73, 0x65, 0x74,
	0x12, 0x1f, 0x2e, 0x74, 0x79, 0x70, 0x65, 0x73, 0x2e, 0x51, 0x75, 0x65, 0x72, 0x79, 0x53, 0x65,
	0x63, 0x75, 0x72, 0x65, 0x64, 0x41, 0x73, 0x73, 0x65, 0x74, 0x52, 0x65, 0x71, 0x75, 0x65, 0x73,
	0x74, 0x1a, 0x20, 0x2e, 0x74, 0x79, 0x70, 0x65, 0x73, 0x2e, 0x51, 0x75, 0x65, 0x72, 0x79, 0x53,
	0x65, 0x63, 0x75, 0x72, 0x65, 0x64, 0x41, 0x73, 0x73, 0x65, 0x74, 0x52, 0x65, 0x73, 0x70, 0x6f,
	0x6e, 0x73, 0x65, 0x22, 0x27, 0x82, 0xd3, 0xe4, 0x93, 0x02, 0x21, 0x12, 0x1f, 0x2f, 0x74, 0x68,
	0x6f, 0x72, 0x63, 0x68, 0x61, 0x69, 0x6e, 0x2f, 0x73, 0x65, 0x63, 0x75, 0x72, 0x65, 0x64, 0x61,
	0x73, 0x73, 0x65, 0x74, 0x2f, 0x7b, 0x61, 0x73, 0x73, 0x65, 0x74, 0x7d, 0x12, 0x76, 0x0a, 0x0d,
	0x53, 0x65, 0x63, 0x75, 0x72, 0x65, 0x64, 0x41, 0x73, 0x73, 0x65, 0x74, 0x73, 0x12, 0x20, 0x2e,
	0x74, 0x79, 0x70, 0x65, 0x73, 0x2e, 0x51, 0x75, 0x65, 0x72, 0x79, 0x53, 0x65, 0x63, 0x75, 0x72,
	0x65, 0x64, 0x41, 0x73, 0x73, 0x65, 0x74, 0x73, 0x52, 0x65, 0x71, 0x75, 0x65, 0x73, 0x74, 0x1a,
	0x21, 0x2e, 0x74, 0x79, 0x70, 0x65, 0x73, 0x2e, 0x51, 0x75, 0x65, 0x72, 0x79, 0x53, 0x65, 0x63,
	0x75, 0x72, 0x65, 0x64, 0x41, 0x73, 0x73, 0x65, 0x74, 0x73, 0x52, 0x65, 0x73, 0x70, 0x6f, 0x6e,
	0x73, 0x65, 0x22, 0x20, 0x82, 0xd3, 0xe4, 0x93, 0x02, 0x1a, 0x12, 0x18, 0x2f, 0x74, 0x68, 0x6f,
	0x72, 0x63, 0x68, 0x61, 0x69, 0x6e, 0x2f, 0x73, 0x65, 0x63, 0x75, 0x72, 0x65, 0x64, 0x61, 0x73,
	0x73, 0x65, 0x74, 0x73, 0x12, 0x5c, 0x0a, 0x04, 0x4e, 0x6f, 0x64, 0x65, 0x12, 0x17, 0x2e, 0x74,
	0x79, 0x70, 0x65, 0x73, 0x2e, 0x51, 0x75, 0x65, 0x72, 0x79, 0x4e, 0x6f, 0x64, 0x65, 0x52, 0x65,
	0x71, 0x75, 0x65, 0x73, 0x74, 0x1a, 0x18, 0x2e, 0x74, 0x79, 0x70, 0x65, 0x73, 0x2e, 0x51, 0x75,
	0x65, 0x72, 0x79, 0x4e, 0x6f, 0x64, 0x65, 0x52, 0x65, 0x73, 0x70, 0x6f, 0x6e, 0x73, 0x65, 0x22,
	0x21, 0x82, 0xd3, 0xe4, 0x93, 0x02, 0x1b, 0x12, 0x19, 0x2f, 0x74, 0x68, 0x6f, 0x72, 0x63, 0x68,
	0x61, 0x69, 0x6e, 0x2f, 0x6e, 0x6f, 0x64, 0x65, 0x2f, 0x7b, 0x61, 0x64, 0x64, 0x72, 0x65, 0x73,
	0x73, 0x7d, 0x12, 0x56, 0x0a, 0x05, 0x4e, 0x6f, 0x64, 0x65, 0x73, 0x12, 0x18, 0x2e, 0x74, 0x79,
	0x70, 0x65, 0x73, 0x2e, 0x51, 0x75, 0x65, 0x72, 0x79, 0x4e, 0x6f, 0x64, 0x65, 0x73, 0x52, 0x65,
	0x71, 0x75, 0x65, 0x73, 0x74, 0x1a, 0x19, 0x2e, 0x74, 0x79, 0x70, 0x65, 0x73, 0x2e, 0x51, 0x75,
	0x65, 0x72, 0x79, 0x4e, 0x6f, 0x64, 0x65, 0x73, 0x52, 0x65, 0x73, 0x70, 0x6f, 0x6e, 0x73, 0x65,
	0x22, 0x18, 0x82, 0xd3, 0xe4, 0x93, 0x02, 0x12, 0x12, 0x10, 0x2f, 0x74, 0x68, 0x6f, 0x72, 0x63,
	0x68, 0x61, 0x69, 0x6e, 0x2f, 0x6e, 0x6f, 0x64, 0x65, 0x73, 0x12, 0x67, 0x0a, 0x08, 0x50, 0x6f,
	0x6f, 0x6c, 0x53, 0x6c, 0x69, 0x70, 0x12, 0x1b, 0x2e, 0x74, 0x79, 0x70, 0x65, 0x73, 0x2e, 0x51,
	0x75, 0x65, 0x72, 0x79, 0x50, 0x6f, 0x6f, 0x6c, 0x53, 0x6c, 0x69, 0x70, 0x52, 0x65, 0x71, 0x75,
	0x65, 0x73, 0x74, 0x1a, 0x1d, 0x2e, 0x74, 0x79, 0x70, 0x65, 0x73, 0x2e, 0x51, 0x75, 0x65, 0x72,
	0x79, 0x50, 0x6f, 0x6f, 0x6c, 0x53, 0x6c, 0x69, 0x70, 0x73, 0x52, 0x65, 0x73, 0x70, 0x6f, 0x6e,
	0x73, 0x65, 0x22, 0x1f, 0x82, 0xd3, 0xe4, 0x93, 0x02, 0x19, 0x12, 0x17, 0x2f, 0x74, 0x68, 0x6f,
	0x72, 0x63, 0x68, 0x61, 0x69, 0x6e, 0x2f, 0x73, 0x6c, 0x69, 0x70, 0x2f, 0x7b, 0x61, 0x73, 0x73,
	0x65, 0x74, 0x7d, 0x12, 0x62, 0x0a, 0x09, 0x50, 0x6f, 0x6f, 0x6c, 0x53, 0x6c, 0x69, 0x70, 0x73,
	0x12, 0x1c, 0x2e, 0x74, 0x79, 0x70, 0x65, 0x73, 0x2e, 0x51, 0x75, 0x65, 0x72, 0x79, 0x50, 0x6f,
	0x6f, 0x6c, 0x53, 0x6c, 0x69, 0x70, 0x73, 0x52, 0x65, 0x71, 0x75, 0x65, 0x73, 0x74, 0x1a, 0x1d,
	0x2e, 0x74, 0x79, 0x70, 0x65, 0x73, 0x2e, 0x51, 0x75, 0x65, 0x72, 0x79, 0x50, 0x6f, 0x6f, 0x6c,
	0x53, 0x6c, 0x69, 0x70, 0x73, 0x52, 0x65, 0x73, 0x70, 0x6f, 0x6e, 0x73, 0x65, 0x22, 0x18, 0x82,
	0xd3, 0xe4, 0x93, 0x02, 0x12, 0x12, 0x10, 0x2f, 0x74, 0x68, 0x6f, 0x72, 0x63, 0x68, 0x61, 0x69,
	0x6e, 0x2f, 0x73, 0x6c, 0x69, 0x70, 0x73, 0x12, 0x78, 0x0a, 0x0b, 0x4f, 0x75, 0x74, 0x62, 0x6f,
	0x75, 0x6e, 0x64, 0x46, 0x65, 0x65, 0x12, 0x1e, 0x2e, 0x74, 0x79, 0x70, 0x65, 0x73, 0x2e, 0x51,
	0x75, 0x65, 0x72, 0x79, 0x4f, 0x75, 0x74, 0x62, 0x6f, 0x75, 0x6e, 0x64, 0x46, 0x65, 0x65, 0x52,
	0x65, 0x71, 0x75, 0x65, 0x73, 0x74, 0x1a, 0x20, 0x2e, 0x74, 0x79, 0x70, 0x65, 0x73, 0x2e, 0x51,
	0x75, 0x65, 0x72, 0x79, 0x4f, 0x75, 0x74, 0x62, 0x6f, 0x75, 0x6e, 0x64, 0x46, 0x65, 0x65, 0x73,
	0x52, 0x65, 0x73, 0x70, 0x6f, 0x6e, 0x73, 0x65, 0x22, 0x27, 0x82, 0xd3, 0xe4, 0x93, 0x02, 0x21,
	0x12, 0x1f, 0x2f, 0x74, 0x68, 0x6f, 0x72, 0x63, 0x68, 0x61, 0x69, 0x6e, 0x2f, 0x6f, 0x75, 0x74,
	0x62, 0x6f, 0x75, 0x6e, 0x64, 0x5f, 0x66, 0x65, 0x65, 0x2f, 0x7b, 0x61, 0x73, 0x73, 0x65, 0x74,
	0x7d, 0x12, 0x73, 0x0a, 0x0c, 0x4f, 0x75, 0x74, 0x62, 0x6f, 0x75, 0x6e, 0x64, 0x46, 0x65, 0x65,
	0x73, 0x12, 0x1f, 0x2e, 0x74, 0x79, 0x70, 0x65, 0x73, 0x2e, 0x51, 0x75, 0x65, 0x72, 0x79, 0x4f,
	0x75, 0x74, 0x62, 0x6f, 0x75, 0x6e, 0x64, 0x46, 0x65, 0x65, 0x73, 0x52, 0x65, 0x71, 0x75, 0x65,
	0x73, 0x74, 0x1a, 0x20, 0x2e, 0x74, 0x79, 0x70, 0x65, 0x73, 0x2e, 0x51, 0x75, 0x65, 0x72, 0x79,
	0x4f, 0x75, 0x74, 0x62, 0x6f, 0x75, 0x6e, 0x64, 0x46, 0x65, 0x65, 0x73, 0x52, 0x65, 0x73, 0x70,
	0x6f, 0x6e, 0x73, 0x65, 0x22, 0x20, 0x82, 0xd3, 0xe4, 0x93, 0x02, 0x1a, 0x12, 0x18, 0x2f, 0x74,
	0x68, 0x6f, 0x72, 0x63, 0x68, 0x61, 0x69, 0x6e, 0x2f, 0x6f, 0x75, 0x74, 0x62, 0x6f, 0x75, 0x6e,
	0x64, 0x5f, 0x66, 0x65, 0x65, 0x73, 0x12, 0x7f, 0x0a, 0x0d, 0x53, 0x74, 0x72, 0x65, 0x61, 0x6d,
	0x69, 0x6e, 0x67, 0x53, 0x77, 0x61, 0x70, 0x12, 0x20, 0x2e, 0x74, 0x79, 0x70, 0x65, 0x73, 0x2e,
	0x51, 0x75, 0x65, 0x72, 0x79, 0x53, 0x74, 0x72, 0x65, 0x61, 0x6d, 0x69, 0x6e, 0x67, 0x53, 0x77,
	0x61, 0x70, 0x52, 0x65, 0x71, 0x75, 0x65, 0x73, 0x74, 0x1a, 0x21, 0x2e, 0x74, 0x79, 0x70, 0x65,
	0x73, 0x2e, 0x51, 0x75, 0x65, 0x72, 0x79, 0x53, 0x74, 0x72, 0x65, 0x61, 0x6d, 0x69, 0x6e, 0x67,
	0x53, 0x77, 0x61, 0x70, 0x52, 0x65, 0x73, 0x70, 0x6f, 0x6e, 0x73, 0x65, 0x22, 0x29, 0x82, 0xd3,
	0xe4, 0x93, 0x02, 0x23, 0x12, 0x21, 0x2f, 0x74, 0x68, 0x6f, 0x72, 0x63, 0x68, 0x61, 0x69, 0x6e,
	0x2f, 0x73, 0x77, 0x61, 0x70, 0x2f, 0x73, 0x74, 0x72, 0x65, 0x61, 0x6d, 0x69, 0x6e, 0x67, 0x2f,
	0x7b, 0x74, 0x78, 0x5f, 0x69, 0x64, 0x7d, 0x12, 0x7b, 0x0a, 0x0e, 0x53, 0x74, 0x72, 0x65, 0x61,
	0x6d, 0x69, 0x6e, 0x67, 0x53, 0x77, 0x61, 0x70, 0x73, 0x12, 0x21, 0x2e, 0x74, 0x79, 0x70, 0x65,
	0x73, 0x2e, 0x51, 0x75, 0x65, 0x72, 0x79, 0x53, 0x74, 0x72, 0x65, 0x61, 0x6d, 0x69, 0x6e, 0x67,
	0x53, 0x77, 0x61, 0x70, 0x73, 0x52, 0x65, 0x71, 0x75, 0x65, 0x73, 0x74, 0x1a, 0x22, 0x2e, 0x74,
	0x79, 0x70, 0x65, 0x73, 0x2e, 0x51, 0x75, 0x65, 0x72, 0x79, 0x53, 0x74, 0x72, 0x65, 0x61, 0x6d,
	0x69, 0x6e, 0x67, 0x53, 0x77, 0x61, 0x70, 0x73, 0x52, 0x65, 0x73, 0x70, 0x6f, 0x6e, 0x73, 0x65,
	0x22, 0x22, 0x82, 0xd3, 0xe4, 0x93, 0x02, 0x1c, 0x12, 0x1a, 0x2f, 0x74, 0x68, 0x6f, 0x72, 0x63,
	0x68, 0x61, 0x69, 0x6e, 0x2f, 0x73, 0x77, 0x61, 0x70, 0x73, 0x2f, 0x73, 0x74, 0x72, 0x65, 0x61,
	0x6d, 0x69, 0x6e, 0x67, 0x12, 0x50, 0x0a, 0x03, 0x42, 0x61, 0x6e, 0x12, 0x16, 0x2e, 0x74, 0x79,
	0x70, 0x65, 0x73, 0x2e, 0x51, 0x75, 0x65, 0x72, 0x79, 0x42, 0x61, 0x6e, 0x52, 0x65, 0x71, 0x75,
	0x65, 0x73, 0x74, 0x1a, 0x0f, 0x2e, 0x74, 0x79, 0x70, 0x65, 0x73, 0x2e, 0x42, 0x61, 0x6e, 0x56,
	0x6f, 0x74, 0x65, 0x72, 0x22, 0x20, 0x82, 0xd3, 0xe4, 0x93, 0x02, 0x1a, 0x12, 0x18, 0x2f, 0x74,
	0x68, 0x6f, 0x72, 0x63, 0x68, 0x61, 0x69, 0x6e, 0x2f, 0x62, 0x61, 0x6e, 0x2f, 0x7b, 0x61, 0x64,
	0x64, 0x72, 0x65, 0x73, 0x73, 0x7d, 0x12, 0x62, 0x0a, 0x08, 0x52, 0x61, 0x67, 0x6e, 0x61, 0x72,
	0x6f, 0x6b, 0x12, 0x1b, 0x2e, 0x74, 0x79, 0x70, 0x65, 0x73, 0x2e, 0x51, 0x75, 0x65, 0x72, 0x79,
	0x52, 0x61, 0x67, 0x6e, 0x61, 0x72, 0x6f, 0x6b, 0x52, 0x65, 0x71, 0x75, 0x65, 0x73, 0x74, 0x1a,
	0x1c, 0x2e, 0x74, 0x79, 0x70, 0x65, 0x73, 0x2e, 0x51, 0x75, 0x65, 0x72, 0x79, 0x52, 0x61, 0x67,
	0x6e, 0x61, 0x72, 0x6f, 0x6b, 0x52, 0x65, 0x73, 0x70, 0x6f, 0x6e, 0x73, 0x65, 0x22, 0x1b, 0x82,
	0xd3, 0xe4, 0x93, 0x02, 0x15, 0x12, 0x13, 0x2f, 0x74, 0x68, 0x6f, 0x72, 0x63, 0x68, 0x61, 0x69,
	0x6e, 0x2f, 0x72, 0x61, 0x67, 0x6e, 0x61, 0x72, 0x6f, 0x6b, 0x12, 0x62, 0x0a, 0x08, 0x52, 0x75,
	0x6e, 0x65, 0x50, 0x6f, 0x6f, 0x6c, 0x12, 0x1b, 0x2e, 0x74, 0x79, 0x70, 0x65, 0x73, 0x2e, 0x51,
	0x75, 0x65, 0x72, 0x79, 0x52, 0x75, 0x6e, 0x65, 0x50, 0x6f, 0x6f, 0x6c, 0x52, 0x65, 0x71, 0x75,
	0x65, 0x73, 0x74, 0x1a, 0x1c, 0x2e, 0x74, 0x79, 0x70, 0x65, 0x73, 0x2e, 0x51, 0x75, 0x65, 0x72,
	0x79, 0x52, 0x75, 0x6e, 0x65, 0x50, 0x6f, 0x6f, 0x6c, 0x52, 0x65, 0x73, 0x70, 0x6f, 0x6e, 0x73,
	0x65, 0x22, 0x1b, 0x82, 0xd3, 0xe4, 0x93, 0x02, 0x15, 0x12, 0x13, 0x2f, 0x74, 0x68, 0x6f, 0x72,
	0x63, 0x68, 0x61, 0x69, 0x6e, 0x2f, 0x72, 0x75, 0x6e, 0x65, 0x70, 0x6f, 0x6f, 0x6c, 0x12, 0x7d,
	0x0a, 0x0c, 0x52, 0x75, 0x6e, 0x65, 0x50, 0x72, 0x6f, 0x76, 0x69, 0x64, 0x65, 0x72, 0x12, 0x1f,
	0x2e, 0x74, 0x79, 0x70, 0x65, 0x73, 0x2e, 0x51, 0x75, 0x65, 0x72, 0x79, 0x52, 0x75, 0x6e, 0x65,
	0x50, 0x72, 0x6f, 0x76, 0x69, 0x64, 0x65, 0x72, 0x52, 0x65, 0x71, 0x75, 0x65, 0x73, 0x74, 0x1a,
	0x20, 0x2e, 0x74, 0x79, 0x70, 0x65, 0x73, 0x2e, 0x51, 0x75, 0x65, 0x72, 0x79, 0x52, 0x75, 0x6e,
	0x65, 0x50, 0x72, 0x6f, 0x76, 0x69, 0x64, 0x65, 0x72, 0x52, 0x65, 0x73, 0x70, 0x6f, 0x6e, 0x73,
	0x65, 0x22, 0x2a, 0x82, 0xd3, 0xe4, 0x93, 0x02, 0x24, 0x12, 0x22, 0x2f, 0x74, 0x68, 0x6f, 0x72,
	0x63, 0x68, 0x61, 0x69, 0x6e, 0x2f, 0x72, 0x75, 0x6e, 0x65, 0x5f, 0x70, 0x72, 0x6f, 0x76, 0x69,
	0x64, 0x65, 0x72, 0x2f, 0x7b, 0x61, 0x64, 0x64, 0x72, 0x65, 0x73, 0x73, 0x7d, 0x12, 0x77, 0x0a,
	0x0d, 0x52, 0x75, 0x6e, 0x65, 0x50, 0x72, 0x6f, 0x76, 0x69, 0x64, 0x65, 0x72, 0x73, 0x12, 0x20,
	0x2e, 0x74, 0x79, 0x70, 0x65, 0x73, 0x2e, 0x51, 0x75, 0x65, 0x72, 0x79, 0x52, 0x75, 0x6e, 0x65,
	0x50, 0x72, 0x6f, 0x76, 0x69, 0x64, 0x65, 0x72, 0x73, 0x52, 0x65, 0x71, 0x75, 0x65, 0x73, 0x74,
	0x1a, 0x21, 0x2e, 0x74, 0x79, 0x70, 0x65, 0x73, 0x2e, 0x51, 0x75, 0x65, 0x72, 0x79, 0x52, 0x75,
	0x6e, 0x65, 0x50, 0x72, 0x6f, 0x76, 0x69, 0x64, 0x65, 0x72, 0x73, 0x52, 0x65, 0x73, 0x70, 0x6f,
	0x6e, 0x73, 0x65, 0x22, 0x21, 0x82, 0xd3, 0xe4, 0x93, 0x02, 0x1b, 0x12, 0x19, 0x2f, 0x74, 0x68,
	0x6f, 0x72, 0x63, 0x68, 0x61, 0x69, 0x6e, 0x2f, 0x72, 0x75, 0x6e, 0x65, 0x5f, 0x70, 0x72, 0x6f,
	0x76, 0x69, 0x64, 0x65, 0x72, 0x73, 0x12, 0x68, 0x0a, 0x0b, 0x4d, 0x69, 0x6d, 0x69, 0x72, 0x56,
	0x61, 0x6c, 0x75, 0x65, 0x73, 0x12, 0x1e, 0x2e, 0x74, 0x79, 0x70, 0x65, 0x73, 0x2e, 0x51, 0x75,
	0x65, 0x72, 0x79, 0x4d, 0x69, 0x6d, 0x69, 0x72, 0x56, 0x61, 0x6c, 0x75, 0x65, 0x73, 0x52, 0x65,
	0x71, 0x75, 0x65, 0x73, 0x74, 0x1a, 0x1f, 0x2e, 0x74, 0x79, 0x70, 0x65, 0x73, 0x2e, 0x51, 0x75,
	0x65, 0x72, 0x79, 0x4d, 0x69, 0x6d, 0x69, 0x72, 0x56, 0x61, 0x6c, 0x75, 0x65, 0x73, 0x52, 0x65,
	0x73, 0x70, 0x6f, 0x6e, 0x73, 0x65, 0x22, 0x18, 0x82, 0xd3, 0xe4, 0x93, 0x02, 0x12, 0x12, 0x10,
	0x2f, 0x74, 0x68, 0x6f, 0x72, 0x63, 0x68, 0x61, 0x69, 0x6e, 0x2f, 0x6d, 0x69, 0x6d, 0x69, 0x72,
	0x12, 0x75, 0x0a, 0x0c, 0x4d, 0x69, 0x6d, 0x69, 0x72, 0x57, 0x69, 0x74, 0x68, 0x4b, 0x65, 0x79,
	0x12, 0x1f, 0x2e, 0x74, 0x79, 0x70, 0x65, 0x73, 0x2e, 0x51, 0x75, 0x65, 0x72, 0x79, 0x4d, 0x69,
	0x6d, 0x69, 0x72, 0x57, 0x69, 0x74, 0x68, 0x4b, 0x65, 0x79, 0x52, 0x65, 0x71, 0x75, 0x65, 0x73,
	0x74, 0x1a, 0x20, 0x2e, 0x74, 0x79, 0x70, 0x65, 0x73, 0x2e, 0x51, 0x75, 0x65, 0x72, 0x79, 0x4d,
	0x69, 0x6d, 0x69, 0x72, 0x57, 0x69, 0x74, 0x68, 0x4b, 0x65, 0x79, 0x52, 0x65, 0x73, 0x70, 0x6f,
	0x6e, 0x73, 0x65, 0x22, 0x22, 0x82, 0xd3, 0xe4, 0x93, 0x02, 0x1c, 0x12, 0x1a, 0x2f, 0x74, 0x68,
	0x6f, 0x72, 0x63, 0x68, 0x61, 0x69, 0x6e, 0x2f, 0x6d, 0x69, 0x6d, 0x69, 0x72, 0x2f, 0x6b, 0x65,
	0x79, 0x2f, 0x7b, 0x6b, 0x65, 0x79, 0x7d, 0x12, 0x7d, 0x0a, 0x10, 0x4d, 0x69, 0x6d, 0x69, 0x72,
	0x41, 0x64, 0x6d, 0x69, 0x6e, 0x56, 0x61, 0x6c, 0x75, 0x65, 0x73, 0x12, 0x23, 0x2e, 0x74, 0x79,
	0x70, 0x65, 0x73, 0x2e, 0x51, 0x75, 0x65, 0x72, 0x79, 0x4d, 0x69, 0x6d, 0x69, 0x72, 0x41, 0x64,
	0x6d, 0x69, 0x6e, 0x56, 0x61, 0x6c, 0x75, 0x65, 0x73, 0x52, 0x65, 0x71, 0x75, 0x65, 0x73, 0x74,
	0x1a, 0x24, 0x2e, 0x74, 0x79, 0x70, 0x65, 0x73, 0x2e, 0x51, 0x75, 0x65, 0x72, 0x79, 0x4d, 0x69,
	0x6d, 0x69, 0x72, 0x41, 0x64, 0x6d, 0x69, 0x6e, 0x56, 0x61, 0x6c, 0x75, 0x65, 0x73, 0x52, 0x65,
	0x73, 0x70, 0x6f, 0x6e, 0x73, 0x65, 0x22, 0x1e, 0x82, 0xd3, 0xe4, 0x93, 0x02, 0x18, 0x12, 0x16,
	0x2f, 0x74, 0x68, 0x6f, 0x72, 0x63, 0x68, 0x61, 0x69, 0x6e, 0x2f, 0x6d, 0x69, 0x6d, 0x69, 0x72,
	0x2f, 0x61, 0x64, 0x6d, 0x69, 0x6e, 0x12, 0x8a, 0x01, 0x0a, 0x13, 0x4d, 0x69, 0x6d, 0x69, 0x72,
	0x4e, 0x6f, 0x64, 0x65, 0x73, 0x41, 0x6c, 0x6c, 0x56, 0x61, 0x6c, 0x75, 0x65, 0x73, 0x12, 0x26,
	0x2e, 0x74, 0x79, 0x70, 0x65, 0x73, 0x2e, 0x51, 0x75, 0x65, 0x72, 0x79, 0x4d, 0x69, 0x6d, 0x69,
	0x72, 0x4e, 0x6f, 0x64, 0x65, 0x73, 0x41, 0x6c, 0x6c, 0x56, 0x61, 0x6c, 0x75, 0x65, 0x73, 0x52,
	0x65, 0x71, 0x75, 0x65, 0x73, 0x74, 0x1a, 0x27, 0x2e, 0x74, 0x79, 0x70, 0x65, 0x73, 0x2e, 0x51,
	0x75, 0x65, 0x72, 0x79, 0x4d, 0x69, 0x6d, 0x69, 0x72, 0x4e, 0x6f, 0x64, 0x65, 0x73, 0x41, 0x6c,
	0x6c, 0x56, 0x61, 0x6c, 0x75, 0x65, 0x73, 0x52, 0x65, 0x73, 0x70, 0x6f, 0x6e, 0x73, 0x65, 0x22,
	0x22, 0x82, 0xd3, 0xe4, 0x93, 0x02, 0x1c, 0x12, 0x1a, 0x2f, 0x74, 0x68, 0x6f, 0x72, 0x63, 0x68,
	0x61, 0x69, 0x6e, 0x2f, 0x6d, 0x69, 0x6d, 0x69, 0x72, 0x2f, 0x6e, 0x6f, 0x64, 0x65, 0x73, 0x5f,
	0x61, 0x6c, 0x6c, 0x12, 0x7d, 0x0a, 0x10, 0x4d, 0x69, 0x6d, 0x69, 0x72, 0x4e, 0x6f, 0x64, 0x65,
	0x73, 0x56, 0x61, 0x6c, 0x75, 0x65, 0x73, 0x12, 0x23, 0x2e, 0x74, 0x79, 0x70, 0x65, 0x73, 0x2e,
	0x51, 0x75, 0x65, 0x72, 0x79, 0x4d, 0x69, 0x6d, 0x69, 0x72, 0x4e, 0x6f, 0x64, 0x65, 0x73, 0x56,
	0x61, 0x6c, 0x75, 0x65, 0x73, 0x52, 0x65, 0x71, 0x75, 0x65, 0x73, 0x74, 0x1a, 0x24, 0x2e, 0x74,
	0x79, 0x70, 0x65, 0x73, 0x2e, 0x51, 0x75, 0x65, 0x72, 0x79, 0x4d, 0x69, 0x6d, 0x69, 0x72, 0x4e,
	0x6f, 0x64, 0x65, 0x73, 0x56, 0x61, 0x6c, 0x75, 0x65, 0x73, 0x52, 0x65, 0x73, 0x70, 0x6f, 0x6e,
	0x73, 0x65, 0x22, 0x1e, 0x82, 0xd3, 0xe4, 0x93, 0x02, 0x18, 0x12, 0x16, 0x2f, 0x74, 0x68, 0x6f,
	0x72, 0x63, 0x68, 0x61, 0x69, 0x6e, 0x2f, 0x6d, 0x69, 0x6d, 0x69, 0x72, 0x2f, 0x6e, 0x6f, 0x64,
	0x65, 0x73, 0x12, 0x83, 0x01, 0x0a, 0x0f, 0x4d, 0x69, 0x6d, 0x69, 0x72, 0x4e, 0x6f, 0x64, 0x65,
	0x56, 0x61, 0x6c, 0x75, 0x65, 0x73, 0x12, 0x22, 0x2e, 0x74, 0x79, 0x70, 0x65, 0x73, 0x2e, 0x51,
	0x75, 0x65, 0x72, 0x79, 0x4d, 0x69, 0x6d, 0x69, 0x72, 0x4e, 0x6f, 0x64, 0x65, 0x56, 0x61, 0x6c,
	0x75, 0x65, 0x73, 0x52, 0x65, 0x71, 0x75, 0x65, 0x73, 0x74, 0x1a, 0x23, 0x2e, 0x74, 0x79, 0x70,
	0x65, 0x73, 0x2e, 0x51, 0x75, 0x65, 0x72, 0x79, 0x4d, 0x69, 0x6d, 0x69, 0x72, 0x4e, 0x6f, 0x64,
	0x65, 0x56, 0x61, 0x6c, 0x75, 0x65, 0x73, 0x52, 0x65, 0x73, 0x70, 0x6f, 0x6e, 0x73, 0x65, 0x22,
	0x27, 0x82, 0xd3, 0xe4, 0x93, 0x02, 0x21, 0x12, 0x1f, 0x2f, 0x74, 0x68, 0x6f, 0x72, 0x63, 0x68,
	0x61, 0x69, 0x6e, 0x2f, 0x6d, 0x69, 0x6d, 0x69, 0x72, 0x2f, 0x6e, 0x6f, 0x64, 0x65, 0x2f, 0x7b,
	0x61, 0x64, 0x64, 0x72, 0x65, 0x73, 0x73, 0x7d, 0x12, 0x83, 0x01, 0x0a, 0x10, 0x49, 0x6e, 0x62,
	0x6f, 0x75, 0x6e, 0x64, 0x41, 0x64, 0x64, 0x72, 0x65, 0x73, 0x73, 0x65, 0x73, 0x12, 0x23, 0x2e,
	0x74, 0x79, 0x70, 0x65, 0x73, 0x2e, 0x51, 0x75, 0x65, 0x72, 0x79, 0x49, 0x6e, 0x62, 0x6f, 0x75,
	0x6e, 0x64, 0x41, 0x64, 0x64, 0x72, 0x65, 0x73, 0x73, 0x65, 0x73, 0x52, 0x65, 0x71, 0x75, 0x65,
	0x73, 0x74, 0x1a, 0x24, 0x2e, 0x74, 0x79, 0x70, 0x65, 0x73, 0x2e, 0x51, 0x75, 0x65, 0x72, 0x79,
	0x49, 0x6e, 0x62, 0x6f, 0x75, 0x6e, 0x64, 0x41, 0x64, 0x64, 0x72, 0x65, 0x73, 0x73, 0x65, 0x73,
	0x52, 0x65, 0x73, 0x70, 0x6f, 0x6e, 0x73, 0x65, 0x22, 0x24, 0x82, 0xd3, 0xe4, 0x93, 0x02, 0x1e,
	0x12, 0x1c, 0x2f, 0x74, 0x68, 0x6f, 0x72, 0x63, 0x68, 0x61, 0x69, 0x6e, 0x2f, 0x69, 0x6e, 0x62,
	0x6f, 0x75, 0x6e, 0x64, 0x5f, 0x61, 0x64, 0x64, 0x72, 0x65, 0x73, 0x73, 0x65, 0x73, 0x12, 0x5e,
	0x0a, 0x07, 0x56, 0x65, 0x72, 0x73, 0x69, 0x6f, 0x6e, 0x12, 0x1a, 0x2e, 0x74, 0x79, 0x70, 0x65,
	0x73, 0x2e, 0x51, 0x75, 0x65, 0x72, 0x79, 0x56, 0x65, 0x72, 0x73, 0x69, 0x6f, 0x6e, 0x52, 0x65,
	0x71, 0x75, 0x65, 0x73, 0x74, 0x1a, 0x1b, 0x2e, 0x74, 0x79, 0x70, 0x65, 0x73, 0x2e, 0x51, 0x75,
	0x65, 0x72, 0x79, 0x56, 0x65, 0x72, 0x73, 0x69, 0x6f, 0x6e, 0x52, 0x65, 0x73, 0x70, 0x6f, 0x6e,
	0x73, 0x65, 0x22, 0x1a, 0x82, 0xd3, 0xe4, 0x93, 0x02, 0x14, 0x12, 0x12, 0x2f, 0x74, 0x68, 0x6f,
	0x72, 0x63, 0x68, 0x61, 0x69, 0x6e, 0x2f, 0x76, 0x65, 0x72, 0x73, 0x69, 0x6f, 0x6e, 0x12, 0x69,
	0x0a, 0x08, 0x54, 0x68, 0x6f, 0x72, 0x6e, 0x61, 0x6d, 0x65, 0x12, 0x1b, 0x2e, 0x74, 0x79, 0x70,
	0x65, 0x73, 0x2e, 0x51, 0x75, 0x65, 0x72, 0x79, 0x54, 0x68, 0x6f, 0x72, 0x6e, 0x61, 0x6d, 0x65,
	0x52, 0x65, 0x71, 0x75, 0x65, 0x73, 0x74, 0x1a, 0x1c, 0x2e, 0x74, 0x79, 0x70, 0x65, 0x73, 0x2e,
	0x51, 0x75, 0x65, 0x72, 0x79, 0x54, 0x68, 0x6f, 0x72, 0x6e, 0x61, 0x6d, 0x65, 0x52, 0x65, 0x73,
	0x70, 0x6f, 0x6e, 0x73, 0x65, 0x22, 0x22, 0x82, 0xd3, 0xe4, 0x93, 0x02, 0x1c, 0x12, 0x1a, 0x2f,
	0x74, 0x68, 0x6f, 0x72, 0x63, 0x68, 0x61, 0x69, 0x6e, 0x2f, 0x74, 0x68, 0x6f, 0x72, 0x6e, 0x61,
	0x6d, 0x65, 0x2f, 0x7b, 0x6e, 0x61, 0x6d, 0x65, 0x7d, 0x12, 0x6d, 0x0a, 0x09, 0x49, 0x6e, 0x76,
	0x61, 0x72, 0x69, 0x61, 0x6e, 0x74, 0x12, 0x1c, 0x2e, 0x74, 0x79, 0x70, 0x65, 0x73, 0x2e, 0x51,
	0x75, 0x65, 0x72, 0x79, 0x49, 0x6e, 0x76, 0x61, 0x72, 0x69, 0x61, 0x6e, 0x74, 0x52, 0x65, 0x71,
	0x75, 0x65, 0x73, 0x74, 0x1a, 0x1d, 0x2e, 0x74, 0x79, 0x70, 0x65, 0x73, 0x2e, 0x51, 0x75, 0x65,
	0x72, 0x79, 0x49, 0x6e, 0x76, 0x61, 0x72, 0x69, 0x61, 0x6e, 0x74, 0x52, 0x65, 0x73, 0x70, 0x6f,
	0x6e, 0x73, 0x65, 0x22, 0x23, 0x82, 0xd3, 0xe4, 0x93, 0x02, 0x1d, 0x12, 0x1b, 0x2f, 0x74, 0x68,
	0x6f, 0x72, 0x63, 0x68, 0x61, 0x69, 0x6e, 0x2f, 0x69, 0x6e, 0x76, 0x61, 0x72, 0x69, 0x61, 0x6e,
	0x74, 0x2f, 0x7b, 0x70, 0x61, 0x74, 0x68, 0x7d, 0x12, 0x6a, 0x0a, 0x0a, 0x49, 0x6e, 0x76, 0x61,
	0x72, 0x69, 0x61, 0x6e, 0x74, 0x73, 0x12, 0x1d, 0x2e, 0x74, 0x79, 0x70, 0x65, 0x73, 0x2e, 0x51,
	0x75, 0x65, 0x72, 0x79, 0x49, 0x6e, 0x76, 0x61, 0x72, 0x69, 0x61, 0x6e, 0x74, 0x73, 0x52, 0x65,
	0x71, 0x75, 0x65, 0x73, 0x74, 0x1a, 0x1e, 0x2e, 0x74, 0x79, 0x70, 0x65, 0x73, 0x2e, 0x51, 0x75,
	0x65, 0x72, 0x79, 0x49, 0x6e, 0x76, 0x61, 0x72, 0x69, 0x61, 0x6e, 0x74, 0x73, 0x52, 0x65, 0x73,
	0x70, 0x6f, 0x6e, 0x73, 0x65, 0x22, 0x1d, 0x82, 0xd3, 0xe4, 0x93, 0x02, 0x17, 0x12, 0x15, 0x2f,
	0x74, 0x68, 0x6f, 0x72, 0x63, 0x68, 0x61, 0x69, 0x6e, 0x2f, 0x69, 0x6e, 0x76, 0x61, 0x72, 0x69,
	0x61, 0x6e, 0x74, 0x73, 0x12, 0x5e, 0x0a, 0x07, 0x4e, 0x65, 0x74, 0x77, 0x6f, 0x72, 0x6b, 0x12,
	0x1a, 0x2e, 0x74, 0x79, 0x70, 0x65, 0x73, 0x2e, 0x51, 0x75, 0x65, 0x72, 0x79, 0x4e, 0x65, 0x74,
	0x77, 0x6f, 0x72, 0x6b, 0x52, 0x65, 0x71, 0x75, 0x65, 0x73, 0x74, 0x1a, 0x1b, 0x2e, 0x74, 0x79,
	0x70, 0x65, 0x73, 0x2e, 0x51, 0x75, 0x65, 0x72, 0x79, 0x4e, 0x65, 0x74, 0x77, 0x6f, 0x72, 0x6b,
	0x52, 0x65, 0x73, 0x70, 0x6f, 0x6e, 0x73, 0x65, 0x22, 0x1a, 0x82, 0xd3, 0xe4, 0x93, 0x02, 0x14,
	0x12, 0x12, 0x2f, 0x74, 0x68, 0x6f, 0x72, 0x63, 0x68, 0x61, 0x69, 0x6e, 0x2f, 0x6e, 0x65, 0x74,
	0x77, 0x6f, 0x72, 0x6b, 0x12, 0x7e, 0x0a, 0x0d, 0x42, 0x61, 0x6c, 0x61, 0x6e, 0x63, 0x65, 0x4d,
	0x6f, 0x64, 0x75, 0x6c, 0x65, 0x12, 0x20, 0x2e, 0x74, 0x79, 0x70, 0x65, 0x73, 0x2e, 0x51, 0x75,
	0x65, 0x72, 0x79, 0x42, 0x61, 0x6c, 0x61, 0x6e, 0x63, 0x65, 0x4d, 0x6f, 0x64, 0x75, 0x6c, 0x65,
	0x52, 0x65, 0x71, 0x75, 0x65, 0x73, 0x74, 0x1a, 0x21, 0x2e, 0x74, 0x79, 0x70, 0x65, 0x73, 0x2e,
	0x51, 0x75, 0x65, 0x72, 0x79, 0x42, 0x61, 0x6c, 0x61, 0x6e, 0x63, 0x65, 0x4d, 0x6f, 0x64, 0x75,
	0x6c, 0x65, 0x52, 0x65, 0x73, 0x70, 0x6f, 0x6e, 0x73, 0x65, 0x22, 0x28, 0x82, 0xd3, 0xe4, 0x93,
	0x02, 0x22, 0x12, 0x20, 0x2f, 0x74, 0x68, 0x6f, 0x72, 0x63, 0x68, 0x61, 0x69, 0x6e, 0x2f, 0x62,
	0x61, 0x6c, 0x61, 0x6e, 0x63, 0x65, 0x2f, 0x6d, 0x6f, 0x64, 0x75, 0x6c, 0x65, 0x2f, 0x7b, 0x6e,
	0x61, 0x6d, 0x65, 0x7d, 0x12, 0x67, 0x0a, 0x09, 0x51, 0x75, 0x6f, 0x74, 0x65, 0x53, 0x77, 0x61,
	0x70, 0x12, 0x1c, 0x2e, 0x74, 0x79, 0x70, 0x65, 0x73, 0x2e, 0x51, 0x75, 0x65, 0x72, 0x79, 0x51,
	0x75, 0x6f, 0x74, 0x65, 0x53, 0x77, 0x61, 0x70, 0x52, 0x65, 0x71, 0x75, 0x65, 0x73, 0x74, 0x1a,
	0x1d, 0x2e, 0x74, 0x79, 0x70, 0x65, 0x73, 0x2e, 0x51, 0x75, 0x65, 0x72, 0x79, 0x51, 0x75, 0x6f,
	0x74, 0x65, 0x53, 0x77, 0x61, 0x70, 0x52, 0x65, 0x73, 0x70, 0x6f, 0x6e, 0x73, 0x65, 0x22, 0x1d,
	0x82, 0xd3, 0xe4, 0x93, 0x02, 0x17, 0x12, 0x15, 0x2f, 0x74, 0x68, 0x6f, 0x72, 0x63, 0x68, 0x61,
	0x69, 0x6e, 0x2f, 0x71, 0x75, 0x6f, 0x74, 0x65, 0x2f, 0x73, 0x77, 0x61, 0x70, 0x12, 0x75, 0x0a,
	0x0e, 0x43, 0x6f, 0x6e, 0x73, 0x74, 0x61, 0x6e, 0x74, 0x56, 0x61, 0x6c, 0x75, 0x65, 0x73, 0x12,
	0x21, 0x2e, 0x74, 0x79, 0x70, 0x65, 0x73, 0x2e, 0x51, 0x75, 0x65, 0x72, 0x79, 0x43, 0x6f, 0x6e,
	0x73, 0x74, 0x61, 0x6e, 0x74, 0x56, 0x61, 0x6c, 0x75, 0x65, 0x73, 0x52, 0x65, 0x71, 0x75, 0x65,
	0x73, 0x74, 0x1a, 0x22, 0x2e, 0x74, 0x79, 0x70, 0x65, 0x73, 0x2e, 0x51, 0x75, 0x65, 0x72, 0x79,
	0x43, 0x6f, 0x6e, 0x73, 0x74, 0x61, 0x6e, 0x74, 0x56, 0x61, 0x6c, 0x75, 0x65, 0x73, 0x52, 0x65,
	0x73, 0x70, 0x6f, 0x6e, 0x73, 0x65, 0x22, 0x1c, 0x82, 0xd3, 0xe4, 0x93, 0x02, 0x16, 0x12, 0x14,
	0x2f, 0x74, 0x68, 0x6f, 0x72, 0x63, 0x68, 0x61, 0x69, 0x6e, 0x2f, 0x63, 0x6f, 0x6e, 0x73, 0x74,
	0x61, 0x6e, 0x74, 0x73, 0x12, 0x67, 0x0a, 0x09, 0x53, 0x77, 0x61, 0x70, 0x51, 0x75, 0x65, 0x75,
	0x65, 0x12, 0x1c, 0x2e, 0x74, 0x79, 0x70, 0x65, 0x73, 0x2e, 0x51, 0x75, 0x65, 0x72, 0x79, 0x53,
	0x77, 0x61, 0x70, 0x51, 0x75, 0x65, 0x75, 0x65, 0x52, 0x65, 0x71, 0x75, 0x65, 0x73, 0x74, 0x1a,
	0x1d, 0x2e, 0x74, 0x79, 0x70, 0x65, 0x73, 0x2e, 0x51, 0x75, 0x65, 0x72, 0x79, 0x53, 0x77, 0x61,
	0x70, 0x51, 0x75, 0x65, 0x75, 0x65, 0x52, 0x65, 0x73, 0x70, 0x6f, 0x6e, 0x73, 0x65, 0x22, 0x1d,
	0x82, 0xd3, 0xe4, 0x93, 0x02, 0x17, 0x12, 0x15, 0x2f, 0x74, 0x68, 0x6f, 0x72, 0x63, 0x68, 0x61,
	0x69, 0x6e, 0x2f, 0x71, 0x75, 0x65, 0x75, 0x65, 0x2f, 0x73, 0x77, 0x61, 0x70, 0x12, 0x7d, 0x0a,
	0x0b, 0x53, 0x77, 0x61, 0x70, 0x44, 0x65, 0x74, 0x61, 0x69, 0x6c, 0x73, 0x12, 0x1e, 0x2e, 0x74,
	0x79, 0x70, 0x65, 0x73, 0x2e, 0x51, 0x75, 0x65, 0x72, 0x79, 0x53, 0x77, 0x61, 0x70, 0x44, 0x65,
	0x74, 0x61, 0x69, 0x6c, 0x73, 0x52, 0x65, 0x71, 0x75, 0x65, 0x73, 0x74, 0x1a, 0x1f, 0x2e, 0x74,
	0x79, 0x70, 0x65, 0x73, 0x2e, 0x51, 0x75, 0x65, 0x72, 0x79, 0x53, 0x77, 0x61, 0x70, 0x44, 0x65,
	0x74, 0x61, 0x69, 0x6c, 0x73, 0x52, 0x65, 0x73, 0x70, 0x6f, 0x6e, 0x73, 0x65, 0x22, 0x2d, 0x82,
	0xd3, 0xe4, 0x93, 0x02, 0x27, 0x12, 0x25, 0x2f, 0x74, 0x68, 0x6f, 0x72, 0x63, 0x68, 0x61, 0x69,
	0x6e, 0x2f, 0x71, 0x75, 0x65, 0x75, 0x65, 0x2f, 0x73, 0x77, 0x61, 0x70, 0x2f, 0x64, 0x65, 0x74,
	0x61, 0x69, 0x6c, 0x73, 0x2f, 0x7b, 0x74, 0x78, 0x5f, 0x69, 0x64, 0x7d, 0x12, 0x71, 0x0a, 0x0a,
	0x4c, 0x69, 0x6d, 0x69, 0x74, 0x53, 0x77, 0x61, 0x70, 0x73, 0x12, 0x1d, 0x2e, 0x74, 0x79, 0x70,
	0x65, 0x73, 0x2e, 0x51, 0x75, 0x65, 0x72, 0x79, 0x4c, 0x69, 0x6d, 0x69, 0x74, 0x53, 0x77, 0x61,
	0x70, 0x73, 0x52, 0x65, 0x71, 0x75, 0x65, 0x73, 0x74, 0x1a, 0x1e, 0x2e, 0x74, 0x79, 0x70, 0x65,
	0x73, 0x2e, 0x51, 0x75, 0x65, 0x72, 0x79, 0x4c, 0x69, 0x6d, 0x69, 0x74, 0x53, 0x77, 0x61, 0x70,
	0x73, 0x52, 0x65, 0x73, 0x70, 0x6f, 0x6e, 0x73, 0x65, 0x22, 0x24, 0x82, 0xd3, 0xe4, 0x93, 0x02,
	0x1e, 0x12, 0x1c, 0x2f, 0x74, 0x68, 0x6f, 0x72, 0x63, 0x68, 0x61, 0x69, 0x6e, 0x2f, 0x71, 0x75,
	0x65, 0x75, 0x65, 0x2f, 0x6c, 0x69, 0x6d, 0x69, 0x74, 0x5f, 0x73, 0x77, 0x61, 0x70, 0x73, 0x12,
	0x8e, 0x01, 0x0a, 0x11, 0x4c, 0x69, 0x6d, 0x69, 0x74, 0x53, 0x77, 0x61, 0x70, 0x73, 0x53, 0x75,
	0x6d, 0x6d, 0x61, 0x72, 0x79, 0x12, 0x24, 0x2e, 0x74, 0x79, 0x70, 0x65, 0x73, 0x2e, 0x51, 0x75,
	0x65, 0x72, 0x79, 0x4c, 0x69, 0x6d, 0x69, 0x74, 0x53, 0x77, 0x61, 0x70, 0x73, 0x53, 0x75, 0x6d,
	0x6d, 0x61, 0x72, 0x79, 0x52, 0x65, 0x71, 0x75, 0x65, 0x73, 0x74, 0x1a, 0x25, 0x2e, 0x74, 0x79,
	0x70, 0x65, 0x73, 0x2e, 0x51, 0x75, 0x65, 0x72, 0x79, 0x4c, 0x69, 0x6d, 0x69, 0x74, 0x53, 0x77,
	0x61, 0x70, 0x73, 0x53, 0x75, 0x6d, 0x6d, 0x61, 0x72, 0x79, 0x52, 0x65, 0x73, 0x70, 0x6f, 0x6e,
	0x73, 0x65, 0x22, 0x2c, 0x82, 0xd3, 0xe4, 0x93, 0x02, 0x26, 0x12, 0x24, 0x2f, 0x74, 0x68, 0x6f,
	0x72, 0x63, 0x68, 0x61, 0x69, 0x6e, 0x2f, 0x71, 0x75, 0x65, 0x75, 0x65, 0x2f, 0x6c, 0x69, 0x6d,
	0x69, 0x74, 0x5f, 0x73, 0x77, 0x61, 0x70, 0x73, 0x2f, 0x73, 0x75, 0x6d, 0x6d, 0x61, 0x72, 0x79,
	0x12, 0x69, 0x0a, 0x0a, 0x4c, 0x61, 0x73, 0x74, 0x42, 0x6c, 0x6f, 0x63, 0x6b, 0x73, 0x12, 0x1d,
	0x2e, 0x74, 0x79, 0x70, 0x65, 0x73, 0x2e, 0x51, 0x75, 0x65, 0x72, 0x79, 0x4c, 0x61, 0x73, 0x74,
	0x42, 0x6c, 0x6f, 0x63, 0x6b, 0x73, 0x52, 0x65, 0x71, 0x75, 0x65, 0x73, 0x74, 0x1a, 0x1e, 0x2e,
	0x74, 0x79, 0x70, 0x65, 0x73, 0x2e, 0x51, 0x75, 0x65, 0x72, 0x79, 0x4c, 0x61, 0x73, 0x74, 0x42,
	0x6c, 0x6f, 0x63, 0x6b, 0x73, 0x52, 0x65, 0x73, 0x70, 0x6f, 0x6e, 0x73, 0x65, 0x22, 0x1c, 0x82,
	0xd3, 0xe4, 0x93, 0x02, 0x16, 0x12, 0x14, 0x2f, 0x74, 0x68, 0x6f, 0x72, 0x63, 0x68, 0x61, 0x69,
	0x6e, 0x2f, 0x6c, 0x61, 0x73, 0x74, 0x62, 0x6c, 0x6f, 0x63, 0x6b, 0x12, 0x7b, 0x0a, 0x0f, 0x43,
	0x68, 0x61, 0x69, 0x6e, 0x73, 0x4c, 0x61, 0x73, 0x74, 0x42, 0x6c, 0x6f, 0x63, 0x6b, 0x12, 0x22,
	0x2e, 0x74, 0x79, 0x70, 0x65, 0x73, 0x2e, 0x51, 0x75, 0x65, 0x72, 0x79, 0x43, 0x68, 0x61, 0x69,
	0x6e, 0x73, 0x4c, 0x61, 0x73, 0x74, 0x42, 0x6c, 0x6f, 0x63, 0x6b, 0x52, 0x65, 0x71, 0x75, 0x65,
	0x73, 0x74, 0x1a, 0x1e, 0x2e, 0x74, 0x79, 0x70, 0x65, 0x73, 0x2e, 0x51, 0x75, 0x65, 0x72, 0x79,
	0x4c, 0x61, 0x73, 0x74, 0x42, 0x6c, 0x6f, 0x63, 0x6b, 0x73, 0x52, 0x65, 0x73, 0x70, 0x6f, 0x6e,
	0x73, 0x65, 0x22, 0x24, 0x82, 0xd3, 0xe4, 0x93, 0x02, 0x1e, 0x12, 0x1c, 0x2f, 0x74, 0x68, 0x6f,
	0x72, 0x63, 0x68, 0x61, 0x69, 0x6e, 0x2f, 0x6c, 0x61, 0x73, 0x74, 0x62, 0x6c, 0x6f, 0x63, 0x6b,
	0x2f, 0x7b, 0x63, 0x68, 0x61, 0x69, 0x6e, 0x7d, 0x12, 0x60, 0x0a, 0x05, 0x56, 0x61, 0x75, 0x6c,
	0x74, 0x12, 0x18, 0x2e, 0x74, 0x79, 0x70, 0x65, 0x73, 0x2e, 0x51, 0x75, 0x65, 0x72, 0x79, 0x56,
	0x61, 0x75, 0x6c, 0x74, 0x52, 0x65, 0x71, 0x75, 0x65, 0x73, 0x74, 0x1a, 0x19, 0x2e, 0x74, 0x79,
	0x70, 0x65, 0x73, 0x2e, 0x51, 0x75, 0x65, 0x72, 0x79, 0x56, 0x61, 0x75, 0x6c, 0x74, 0x52, 0x65,
	0x73, 0x70, 0x6f, 0x6e, 0x73, 0x65, 0x22, 0x22, 0x82, 0xd3, 0xe4, 0x93, 0x02, 0x1c, 0x12, 0x1a,
	0x2f, 0x74, 0x68, 0x6f, 0x72, 0x63, 0x68, 0x61, 0x69, 0x6e, 0x2f, 0x76, 0x61, 0x75, 0x6c, 0x74,
	0x2f, 0x7b, 0x70, 0x75, 0x62, 0x5f, 0x6b, 0x65, 0x79, 0x7d, 0x12, 0x73, 0x0a, 0x0c, 0x41, 0x73,
	0x67, 0x61, 0x72, 0x64, 0x56, 0x61, 0x75, 0x6c, 0x74, 0x73, 0x12, 0x1f, 0x2e, 0x74, 0x79, 0x70,
	0x65, 0x73, 0x2e, 0x51, 0x75, 0x65, 0x72, 0x79, 0x41, 0x73, 0x67, 0x61, 0x72, 0x64, 0x56, 0x61,
	0x75, 0x6c, 0x74, 0x73, 0x52, 0x65, 0x71, 0x75, 0x65, 0x73, 0x74, 0x1a, 0x20, 0x2e, 0x74, 0x79,
	0x70, 0x65, 0x73, 0x2e, 0x51, 0x75, 0x65, 0x72, 0x79, 0x41, 0x73, 0x67, 0x61, 0x72, 0x64, 0x56,
	0x61, 0x75, 0x6c, 0x74, 0x73, 0x52, 0x65, 0x73, 0x70, 0x6f, 0x6e, 0x73, 0x65, 0x22, 0x20, 0x82,
	0xd3, 0xe4, 0x93, 0x02, 0x1a, 0x12, 0x18, 0x2f, 0x74, 0x68, 0x6f, 0x72, 0x63, 0x68, 0x61, 0x69,
	0x6e, 0x2f, 0x76, 0x61, 0x75, 0x6c, 0x74, 0x73, 0x2f, 0x61, 0x73, 0x67, 0x61, 0x72, 0x64, 0x12,
	0x77, 0x0a, 0x0d, 0x56, 0x61, 0x75, 0x6c, 0x74, 0x73, 0x50, 0x75, 0x62, 0x6b, 0x65, 0x79, 0x73,
	0x12, 0x20, 0x2e, 0x74, 0x79, 0x70, 0x65, 0x73, 0x2e, 0x51, 0x75, 0x65, 0x72, 0x79, 0x56, 0x61,
	0x75, 0x6c, 0x74, 0x73, 0x50, 0x75, 0x62, 0x6b, 0x65, 0x79, 0x73, 0x52, 0x65, 0x71, 0x75, 0x65,
	0x73, 0x74, 0x1a, 0x21, 0x2e, 0x74, 0x79, 0x70, 0x65, 0x73, 0x2e, 0x51, 0x75, 0x65, 0x72, 0x79,
	0x56, 0x61, 0x75, 0x6c, 0x74, 0x73, 0x50, 0x75, 0x62, 0x6b, 0x65, 0x79, 0x73, 0x52, 0x65, 0x73,
	0x70, 0x6f, 0x6e, 0x73, 0x65, 0x22, 0x21, 0x82, 0xd3, 0xe4, 0x93, 0x02, 0x1b, 0x12, 0x19, 0x2f,
	0x74, 0x68, 0x6f, 0x72, 0x63, 0x68, 0x61, 0x69, 0x6e, 0x2f, 0x76, 0x61, 0x75, 0x6c, 0x74, 0x73,
	0x2f, 0x70, 0x75, 0x62, 0x6b, 0x65, 0x79, 0x73, 0x12, 0x6b, 0x0a, 0x08, 0x54, 0x78, 0x53, 0x74,
	0x61, 0x67, 0x65, 0x73, 0x12, 0x1b, 0x2e, 0x74, 0x79, 0x70, 0x65, 0x73, 0x2e, 0x51, 0x75, 0x65,
	0x72, 0x79, 0x54, 0x78, 0x53, 0x74, 0x61, 0x67, 0x65, 0x73, 0x52, 0x65, 0x71, 0x75, 0x65, 0x73,
	0x74, 0x1a, 0x1c, 0x2e, 0x74, 0x79, 0x70, 0x65, 0x73, 0x2e, 0x51, 0x75, 0x65, 0x72, 0x79, 0x54,
	0x78, 0x53, 0x74, 0x61, 0x67, 0x65, 0x73, 0x52, 0x65, 0x73, 0x70, 0x6f, 0x6e, 0x73, 0x65, 0x22,
	0x24, 0x82, 0xd3, 0xe4, 0x93, 0x02, 0x1e, 0x12, 0x1c, 0x2f, 0x74, 0x68, 0x6f, 0x72, 0x63, 0x68,
	0x61, 0x69, 0x6e, 0x2f, 0x74, 0x78, 0x2f, 0x73, 0x74, 0x61, 0x67, 0x65, 0x73, 0x2f, 0x7b, 0x74,
	0x78, 0x5f, 0x69, 0x64, 0x7d, 0x12, 0x6b, 0x0a, 0x08, 0x54, 0x78, 0x53, 0x74, 0x61, 0x74, 0x75,
	0x73, 0x12, 0x1b, 0x2e, 0x74, 0x79, 0x70, 0x65, 0x73, 0x2e, 0x51, 0x75, 0x65, 0x72, 0x79, 0x54,
	0x78, 0x53, 0x74, 0x61, 0x74, 0x75, 0x73, 0x52, 0x65, 0x71, 0x75, 0x65, 0x73, 0x74, 0x1a, 0x1c,
	0x2e, 0x74, 0x79, 0x70, 0x65, 0x73, 0x2e, 0x51, 0x75, 0x65, 0x72, 0x79, 0x54, 0x78, 0x53, 0x74,
	0x61, 0x74, 0x75, 0x73, 0x52, 0x65, 0x73, 0x70, 0x6f, 0x6e, 0x73, 0x65, 0x22, 0x24, 0x82, 0xd3,
	0xe4, 0x93, 0x02, 0x1e, 0x12, 0x1c, 0x2f, 0x74, 0x68, 0x6f, 0x72, 0x63, 0x68, 0x61, 0x69, 0x6e,
	0x2f, 0x74, 0x78, 0x2f, 0x73, 0x74, 0x61, 0x74, 0x75, 0x73, 0x2f, 0x7b, 0x74, 0x78, 0x5f, 0x69,
	0x64, 0x7d, 0x12, 0x52, 0x0a, 0x02, 0x54, 0x78, 0x12, 0x15, 0x2e, 0x74, 0x79, 0x70, 0x65, 0x73,
	0x2e, 0x51, 0x75, 0x65, 0x72, 0x79, 0x54, 0x78, 0x52, 0x65, 0x71, 0x75, 0x65, 0x73, 0x74, 0x1a,
	0x16, 0x2e, 0x74, 0x79, 0x70, 0x65, 0x73, 0x2e, 0x51, 0x75, 0x65, 0x72, 0x79, 0x54, 0x78, 0x52,
	0x65, 0x73, 0x70, 0x6f, 0x6e, 0x73, 0x65, 0x22, 0x1d, 0x82, 0xd3, 0xe4, 0x93, 0x02, 0x17, 0x12,
	0x15, 0x2f, 0x74, 0x68, 0x6f, 0x72, 0x63, 0x68, 0x61, 0x69, 0x6e, 0x2f, 0x74, 0x78, 0x2f, 0x7b,
	0x74, 0x78, 0x5f, 0x69, 0x64, 0x7d, 0x12, 0x6b, 0x0a, 0x08, 0x54, 0x78, 0x56, 0x6f, 0x74, 0x65,
	0x72, 0x73, 0x12, 0x1b, 0x2e, 0x74, 0x79, 0x70, 0x65, 0x73, 0x2e, 0x51, 0x75, 0x65, 0x72, 0x79,
	0x54, 0x78, 0x56, 0x6f, 0x74, 0x65, 0x72, 0x73, 0x52, 0x65, 0x71, 0x75, 0x65, 0x73, 0x74, 0x1a,
	0x1b, 0x2e, 0x74, 0x79, 0x70, 0x65, 0x73, 0x2e, 0x51, 0x75, 0x65, 0x72, 0x79, 0x4f, 0x62, 0x73,
	0x65, 0x72, 0x76, 0x65, 0x64, 0x54, 0x78, 0x56, 0x6f, 0x74, 0x65, 0x72, 0x22, 0x25, 0x82, 0xd3,
	0xe4, 0x93, 0x02, 0x1f, 0x12, 0x1d, 0x2f, 0x74, 0x68, 0x6f, 0x72, 0x63, 0x68, 0x61, 0x69, 0x6e,
	0x2f, 0x74, 0x78, 0x2f, 0x64, 0x65, 0x74, 0x61, 0x69, 0x6c, 0x73, 0x2f, 0x7b, 0x74, 0x78, 0x5f,
	0x69, 0x64, 0x7d, 0x12, 0x6e, 0x0a, 0x0b, 0x54, 0x78, 0x56, 0x6f, 0x74, 0x65, 0x72, 0x73, 0x4f,
	0x6c, 0x64, 0x12, 0x1b, 0x2e, 0x74, 0x79, 0x70, 0x65, 0x73, 0x2e, 0x51, 0x75, 0x65, 0x72, 0x79,
	0x54, 0x78, 0x56, 0x6f, 0x74, 0x65, 0x72, 0x73, 0x52, 0x65, 0x71, 0x75, 0x65, 0x73, 0x74, 0x1a,
	0x1b, 0x2e, 0x74, 0x79, 0x70, 0x65, 0x73, 0x2e, 0x51, 0x75, 0x65, 0x72, 0x79, 0x4f, 0x62, 0x73,
	0x65, 0x72, 0x76, 0x65, 0x64, 0x54, 0x78, 0x56, 0x6f, 0x74, 0x65, 0x72, 0x22, 0x25, 0x82, 0xd3,
	0xe4, 0x93, 0x02, 0x1f, 0x12, 0x1d, 0x2f, 0x74, 0x68, 0x6f, 0x72, 0x63, 0x68, 0x61, 0x69, 0x6e,
	0x2f, 0x74, 0x78, 0x2f, 0x7b, 0x74, 0x78, 0x5f, 0x69, 0x64, 0x7d, 0x2f, 0x73, 0x69, 0x67, 0x6e,
	0x65, 0x72, 0x73, 0x12, 0x66, 0x0a, 0x05, 0x43, 0x6c, 0x6f, 0x75, 0x74, 0x12, 0x1f, 0x2e, 0x74,
	0x79, 0x70, 0x65, 0x73, 0x2e, 0x51, 0x75, 0x65, 0x72, 0x79, 0x53, 0x77, 0x61, 0x70, 0x70, 0x65,
	0x72, 0x43, 0x6c, 0x6f, 0x75, 0x74, 0x52, 0x65, 0x71, 0x75, 0x65, 0x73, 0x74, 0x1a, 0x13, 0x2e,
	0x74, 0x79, 0x70, 0x65, 0x73, 0x2e, 0x53, 0x77, 0x61, 0x70, 0x70, 0x65, 0x72, 0x43, 0x6c, 0x6f,
	0x75, 0x74, 0x22, 0x27, 0x82, 0xd3, 0xe4, 0x93, 0x02, 0x21, 0x12, 0x1f, 0x2f, 0x74, 0x68, 0x6f,
	0x72, 0x63, 0x68, 0x61, 0x69, 0x6e, 0x2f, 0x63, 0x6c, 0x6f, 0x75, 0x74, 0x2f, 0x73, 0x77, 0x61,
	0x70, 0x2f, 0x7b, 0x61, 0x64, 0x64, 0x72, 0x65, 0x73, 0x73, 0x7d, 0x12, 0x56, 0x0a, 0x05, 0x51,
	0x75, 0x65, 0x75, 0x65, 0x12, 0x18, 0x2e, 0x74, 0x79, 0x70, 0x65, 0x73, 0x2e, 0x51, 0x75, 0x65,
	0x72, 0x79, 0x51, 0x75, 0x65, 0x75, 0x65, 0x52, 0x65, 0x71, 0x75, 0x65, 0x73, 0x74, 0x1a, 0x19,
	0x2e, 0x74, 0x79, 0x70, 0x65, 0x73, 0x2e, 0x51, 0x75, 0x65, 0x72, 0x79, 0x51, 0x75, 0x65, 0x75,
	0x65, 0x52, 0x65, 0x73, 0x70, 0x6f, 0x6e, 0x73, 0x65, 0x22, 0x18, 0x82, 0xd3, 0xe4, 0x93, 0x02,
	0x12, 0x12, 0x10, 0x2f, 0x74, 0x68, 0x6f, 0x72, 0x63, 0x68, 0x61, 0x69, 0x6e, 0x2f, 0x71, 0x75,
	0x65, 0x75, 0x65, 0x12, 0x7b, 0x0a, 0x11, 0x53, 0x63, 0x68, 0x65, 0x64, 0x75, 0x6c, 0x65, 0x64,
	0x4f, 0x75, 0x74, 0x62, 0x6f, 0x75, 0x6e, 0x64, 0x12, 0x24, 0x2e, 0x74, 0x79, 0x70, 0x65, 0x73,
	0x2e, 0x51, 0x75, 0x65, 0x72, 0x79, 0x53, 0x63, 0x68, 0x65, 0x64, 0x75, 0x6c, 0x65, 0x64, 0x4f,
	0x75, 0x74, 0x62, 0x6f, 0x75, 0x6e, 0x64, 0x52, 0x65, 0x71, 0x75, 0x65, 0x73, 0x74, 0x1a, 0x1c,
	0x2e, 0x74, 0x79, 0x70, 0x65, 0x73, 0x2e, 0x51, 0x75, 0x65, 0x72, 0x79, 0x4f, 0x75, 0x74, 0x62,
	0x6f, 0x75, 0x6e, 0x64, 0x52, 0x65, 0x73, 0x70, 0x6f, 0x6e, 0x73, 0x65, 0x22, 0x22, 0x82, 0xd3,
	0xe4, 0x93, 0x02, 0x1c, 0x12, 0x1a, 0x2f, 0x74, 0x68, 0x6f, 0x72, 0x63, 0x68, 0x61, 0x69, 0x6e,
	0x2f, 0x71, 0x75, 0x65, 0x75, 0x65, 0x2f, 0x73, 0x63, 0x68, 0x65, 0x64, 0x75, 0x6c, 0x65, 0x64,
	0x12, 0x76, 0x0a, 0x0f, 0x50, 0x65, 0x6e, 0x64, 0x69, 0x6e, 0x67, 0x4f, 0x75, 0x74, 0x62, 0x6f,
	0x75, 0x6e, 0x64, 0x12, 0x22, 0x2e, 0x74, 0x79, 0x70, 0x65, 0x73, 0x2e, 0x51, 0x75, 0x65, 0x72,
	0x79, 0x50, 0x65, 0x6e, 0x64, 0x69, 0x6e, 0x67, 0x4f, 0x75, 0x74, 0x62, 0x6f, 0x75, 0x6e, 0x64,
	0x52, 0x65, 0x71, 0x75, 0x65, 0x73, 0x74, 0x1a, 0x1c, 0x2e, 0x74, 0x79, 0x70, 0x65, 0x73, 0x2e,
	0x51, 0x75, 0x65, 0x72, 0x79, 0x4f, 0x75, 0x74, 0x62, 0x6f, 0x75, 0x6e, 0x64, 0x52, 0x65, 0x73,
	0x70, 0x6f, 0x6e, 0x73, 0x65, 0x22, 0x21, 0x82, 0xd3, 0xe4, 0x93, 0x02, 0x1b, 0x12, 0x19, 0x2f,
	0x74, 0x68, 0x6f, 0x72, 0x63, 0x68, 0x61, 0x69, 0x6e, 0x2f, 0x71, 0x75, 0x65, 0x75, 0x65, 0x2f,
	0x6f, 0x75, 0x74, 0x62, 0x6f, 0x75, 0x6e, 0x64, 0x12, 0x56, 0x0a, 0x05, 0x42, 0x6c, 0x6f, 0x63,
	0x6b, 0x12, 0x18, 0x2e, 0x74, 0x79, 0x70, 0x65, 0x73, 0x2e, 0x51, 0x75, 0x65, 0x72, 0x79, 0x42,
	0x6c, 0x6f, 0x63, 0x6b, 0x52, 0x65, 0x71, 0x75, 0x65, 0x73, 0x74, 0x1a, 0x19, 0x2e, 0x74, 0x79,
	0x70, 0x65, 0x73, 0x2e, 0x51, 0x75, 0x65, 0x72, 0x79, 0x42, 0x6c, 0x6f, 0x63, 0x6b, 0x52, 0x65,
	0x73, 0x70, 0x6f, 0x6e, 0x73, 0x65, 0x22, 0x18, 0x82, 0xd3, 0xe4, 0x93, 0x02, 0x12, 0x12, 0x10,
	0x2f, 0x74, 0x68, 0x6f, 0x72, 0x63, 0x68, 0x61, 0x69, 0x6e, 0x2f, 0x62, 0x6c, 0x6f, 0x63, 0x6b,
	0x12, 0x86, 0x01, 0x0a, 0x0f, 0x54, 0x73, 0x73, 0x4b, 0x65, 0x79, 0x67, 0x65, 0x6e, 0x4d, 0x65,
	0x74, 0x72, 0x69, 0x63, 0x12, 0x22, 0x2e, 0x74, 0x79, 0x70, 0x65, 0x73, 0x2e, 0x51, 0x75, 0x65,
	0x72, 0x79, 0x54, 0x73, 0x73, 0x4b, 0x65, 0x79, 0x67, 0x65, 0x6e, 0x4d, 0x65, 0x74, 0x72, 0x69,
	0x63, 0x52, 0x65, 0x71, 0x75, 0x65, 0x73, 0x74, 0x1a, 0x23, 0x2e, 0x74, 0x79, 0x70, 0x65, 0x73,
	0x2e, 0x51, 0x75, 0x65, 0x72, 0x79, 0x54, 0x73, 0x73, 0x4b, 0x65, 0x79, 0x67, 0x65, 0x6e, 0x4d,
	0x65, 0x74, 0x72, 0x69, 0x63, 0x52, 0x65, 0x73, 0x70, 0x6f, 0x6e, 0x73, 0x65, 0x22, 0x2a, 0x82,
	0xd3, 0xe4, 0x93, 0x02, 0x24, 0x12, 0x22, 0x2f, 0x74, 0x68, 0x6f, 0x72, 0x63, 0x68, 0x61, 0x69,
	0x6e, 0x2f, 0x6d, 0x65, 0x74, 0x72, 0x69, 0x63, 0x2f, 0x6b, 0x65, 0x79, 0x67, 0x65, 0x6e, 0x2f,
	0x7b, 0x70, 0x75, 0x62, 0x5f, 0x6b, 0x65, 0x79, 0x7d, 0x12, 0x64, 0x0a, 0x09, 0x54, 0x73, 0x73,
	0x4d, 0x65, 0x74, 0x72, 0x69, 0x63, 0x12, 0x1c, 0x2e, 0x74, 0x79, 0x70, 0x65, 0x73, 0x2e, 0x51,
	0x75, 0x65, 0x72, 0x79, 0x54, 0x73, 0x73, 0x4d, 0x65, 0x74, 0x72, 0x69, 0x63, 0x52, 0x65, 0x71,
	0x75, 0x65, 0x73, 0x74, 0x1a, 0x1d, 0x2e, 0x74, 0x79, 0x70, 0x65, 0x73, 0x2e, 0x51, 0x75, 0x65,
	0x72, 0x79, 0x54, 0x73, 0x73, 0x4d, 0x65, 0x74, 0x72, 0x69, 0x63, 0x52, 0x65, 0x73, 0x70, 0x6f,
	0x6e, 0x73, 0x65, 0x22, 0x1a, 0x82, 0xd3, 0xe4, 0x93, 0x02, 0x14, 0x12, 0x12, 0x2f, 0x74, 0x68,
	0x6f, 0x72, 0x63, 0x68, 0x61, 0x69, 0x6e, 0x2f, 0x6d, 0x65, 0x74, 0x72, 0x69, 0x63, 0x73, 0x12,
	0x67, 0x0a, 0x07, 0x4b, 0x65, 0x79, 0x73, 0x69, 0x67, 0x6e, 0x12, 0x1a, 0x2e, 0x74, 0x79, 0x70,
	0x65, 0x73, 0x2e, 0x51, 0x75, 0x65, 0x72, 0x79, 0x4b, 0x65, 0x79, 0x73, 0x69, 0x67, 0x6e, 0x52,
	0x65, 0x71, 0x75, 0x65, 0x73, 0x74, 0x1a, 0x1b, 0x2e, 0x74, 0x79, 0x70, 0x65, 0x73, 0x2e, 0x51,
	0x75, 0x65, 0x72, 0x79, 0x4b, 0x65, 0x79, 0x73, 0x69, 0x67, 0x6e, 0x52, 0x65, 0x73, 0x70, 0x6f,
	0x6e, 0x73, 0x65, 0x22, 0x23, 0x82, 0xd3, 0xe4, 0x93, 0x02, 0x1d, 0x12, 0x1b, 0x2f, 0x74, 0x68,
	0x6f, 0x72, 0x63, 0x68, 0x61, 0x69, 0x6e, 0x2f, 0x6b, 0x65, 0x79, 0x73, 0x69, 0x67, 0x6e, 0x2f,
	0x7b, 0x68, 0x65, 0x69, 0x67, 0x68, 0x74, 0x7d, 0x12, 0x7d, 0x0a, 0x0d, 0x4b, 0x65, 0x79, 0x73,
	0x69, 0x67, 0x6e, 0x50, 0x75, 0x62, 0x6b, 0x65, 0x79, 0x12, 0x20, 0x2e, 0x74, 0x79, 0x70, 0x65,
	0x73, 0x2e, 0x51, 0x75, 0x65, 0x72, 0x79, 0x4b, 0x65, 0x79, 0x73, 0x69, 0x67, 0x6e, 0x50, 0x75,
	0x62, 0x6b, 0x65, 0x79, 0x52, 0x65, 0x71, 0x75, 0x65, 0x73, 0x74, 0x1a, 0x1b, 0x2e, 0x74, 0x79,
	0x70, 0x65, 0x73, 0x2e, 0x51, 0x75, 0x65, 0x72, 0x79, 0x4b, 0x65, 0x79, 0x73, 0x69, 0x67, 0x6e,
	0x52, 0x65, 0x73, 0x70, 0x6f, 0x6e, 0x73, 0x65, 0x22, 0x2d, 0x82, 0xd3, 0xe4, 0x93, 0x02, 0x27,
	0x12, 0x25, 0x2f, 0x74, 0x68, 0x6f, 0x72, 0x63, 0x68, 0x61, 0x69, 0x6e, 0x2f, 0x6b, 0x65, 0x79,
	0x73, 0x69, 0x67, 0x6e, 0x2f, 0x7b, 0x68, 0x65, 0x69, 0x67, 0x68, 0x74, 0x7d, 0x2f, 0x7b, 0x70,
	0x75, 0x62, 0x5f, 0x6b, 0x65, 0x79, 0x7d, 0x12, 0x6d, 0x0a, 0x06, 0x4b, 0x65, 0x79, 0x67, 0x65,
	0x6e, 0x12, 0x19, 0x2e, 0x74, 0x79, 0x70, 0x65, 0x73, 0x2e, 0x51, 0x75, 0x65, 0x72, 0x79, 0x4b,
	0x65, 0x79, 0x67, 0x65, 0x6e, 0x52, 0x65, 0x71, 0x75, 0x65, 0x73, 0x74, 0x1a, 0x1a, 0x2e, 0x74,
	0x79, 0x70, 0x65, 0x73, 0x2e, 0x51, 0x75, 0x65, 0x72, 0x79, 0x4b, 0x65, 0x79, 0x67, 0x65, 0x6e,
	0x52, 0x65, 0x73, 0x70, 0x6f, 0x6e, 0x73, 0x65, 0x22, 0x2c, 0x82, 0xd3, 0xe4, 0x93, 0x02, 0x26,
	0x12, 0x24, 0x2f, 0x74, 0x68, 0x6f, 0x72, 0x63, 0x68, 0x61, 0x69, 0x6e, 0x2f, 0x6b, 0x65, 0x79,
	0x67, 0x65, 0x6e, 0x2f, 0x7b, 0x68, 0x65, 0x69, 0x67, 0x68, 0x74, 0x7d, 0x2f, 0x7b, 0x70, 0x75,
	0x62, 0x5f, 0x6b, 0x65, 0x79, 0x7d, 0x12, 0x83, 0x01, 0x0a, 0x10, 0x55, 0x70, 0x67, 0x72, 0x61,
	0x64, 0x65, 0x50, 0x72, 0x6f, 0x70, 0x6f, 0x73, 0x61, 0x6c, 0x73, 0x12, 0x23, 0x2e, 0x74, 0x79,
	0x70, 0x65, 0x73, 0x2e, 0x51, 0x75, 0x65, 0x72, 0x79, 0x55, 0x70, 0x67, 0x72, 0x61, 0x64, 0x65,
	0x50, 0x72, 0x6f, 0x70, 0x6f, 0x73, 0x61, 0x6c, 0x73, 0x52, 0x65, 0x71, 0x75, 0x65, 0x73, 0x74,
	0x1a, 0x24, 0x2e, 0x74, 0x79, 0x70, 0x65, 0x73, 0x2e, 0x51, 0x75, 0x65, 0x72, 0x79, 0x55, 0x70,
	0x67, 0x72, 0x61, 0x64, 0x65, 0x50, 0x72, 0x6f, 0x70, 0x6f, 0x73, 0x61, 0x6c, 0x73, 0x52, 0x65,
	0x73, 0x70, 0x6f, 0x6e, 0x73, 0x65, 0x22, 0x24, 0x82, 0xd3, 0xe4, 0x93, 0x02, 0x1e, 0x12, 0x1c,
	0x2f, 0x74, 0x68, 0x6f, 0x72, 0x63, 0x68, 0x61, 0x69, 0x6e, 0x2f, 0x75, 0x70, 0x67, 0x72, 0x61,
	0x64, 0x65, 0x5f, 0x70, 0x72, 0x6f, 0x70, 0x6f, 0x73, 0x61, 0x6c, 0x73, 0x12, 0x86, 0x01, 0x0a,
	0x0f, 0x55, 0x70, 0x67, 0x72, 0x61, 0x64, 0x65, 0x50, 0x72, 0x6f, 0x70, 0x6f, 0x73, 0x61, 0x6c,
	0x12, 0x22, 0x2e, 0x74, 0x79, 0x70, 0x65, 0x73, 0x2e, 0x51, 0x75, 0x65, 0x72, 0x79, 0x55, 0x70,
	0x67, 0x72, 0x61, 0x64, 0x65, 0x50, 0x72, 0x6f, 0x70, 0x6f, 0x73, 0x61, 0x6c, 0x52, 0x65, 0x71,
	0x75, 0x65, 0x73, 0x74, 0x1a, 0x23, 0x2e, 0x74, 0x79, 0x70, 0x65, 0x73, 0x2e, 0x51, 0x75, 0x65,
	0x72, 0x79, 0x55, 0x70, 0x67, 0x72, 0x61, 0x64, 0x65, 0x50, 0x72, 0x6f, 0x70, 0x6f, 0x73, 0x61,
	0x6c, 0x52, 0x65, 0x73, 0x70, 0x6f, 0x6e, 0x73, 0x65, 0x22, 0x2a, 0x82, 0xd3, 0xe4, 0x93, 0x02,
	0x24, 0x12, 0x22, 0x2f, 0x74, 0x68, 0x6f, 0x72, 0x63, 0x68, 0x61, 0x69, 0x6e, 0x2f, 0x75, 0x70,
	0x67, 0x72, 0x61, 0x64, 0x65, 0x5f, 0x70, 0x72, 0x6f, 0x70, 0x6f, 0x73, 0x61, 0x6c, 0x2f, 0x7b,
	0x6e, 0x61, 0x6d, 0x65, 0x7d, 0x12, 0x7a, 0x0a, 0x0c, 0x55, 0x70, 0x67, 0x72, 0x61, 0x64, 0x65,
	0x56, 0x6f, 0x74, 0x65, 0x73, 0x12, 0x1f, 0x2e, 0x74, 0x79, 0x70, 0x65, 0x73, 0x2e, 0x51, 0x75,
	0x65, 0x72, 0x79, 0x55, 0x70, 0x67, 0x72, 0x61, 0x64, 0x65, 0x56, 0x6f, 0x74, 0x65, 0x73, 0x52,
	0x65, 0x71, 0x75, 0x65, 0x73, 0x74, 0x1a, 0x20, 0x2e, 0x74, 0x79, 0x70, 0x65, 0x73, 0x2e, 0x51,
	0x75, 0x65, 0x72, 0x79, 0x55, 0x70, 0x67, 0x72, 0x61, 0x64, 0x65, 0x56, 0x6f, 0x74, 0x65, 0x73,
	0x52, 0x65, 0x73, 0x70, 0x6f, 0x6e, 0x73, 0x65, 0x22, 0x27, 0x82, 0xd3, 0xe4, 0x93, 0x02, 0x21,
	0x12, 0x1f, 0x2f, 0x74, 0x68, 0x6f, 0x72, 0x63, 0x68, 0x61, 0x69, 0x6e, 0x2f, 0x75, 0x70, 0x67,
	0x72, 0x61, 0x64, 0x65, 0x5f, 0x76, 0x6f, 0x74, 0x65, 0x73, 0x2f, 0x7b, 0x6e, 0x61, 0x6d, 0x65,
	0x7d, 0x12, 0x71, 0x0a, 0x09, 0x54, 0x43, 0x59, 0x53, 0x74, 0x61, 0x6b, 0x65, 0x72, 0x12, 0x1c,
	0x2e, 0x74, 0x79, 0x70, 0x65, 0x73, 0x2e, 0x51, 0x75, 0x65, 0x72, 0x79, 0x54, 0x43, 0x59, 0x53,
	0x74, 0x61, 0x6b, 0x65, 0x72, 0x52, 0x65, 0x71, 0x75, 0x65, 0x73, 0x74, 0x1a, 0x1d, 0x2e, 0x74,
	0x79, 0x70, 0x65, 0x73, 0x2e, 0x51, 0x75, 0x65, 0x72, 0x79, 0x54, 0x43, 0x59, 0x53, 0x74, 0x61,
	0x6b, 0x65, 0x72, 0x52, 0x65, 0x73, 0x70, 0x6f, 0x6e, 0x73, 0x65, 0x22, 0x27, 0x82, 0xd3, 0xe4,
	0x93, 0x02, 0x21, 0x12, 0x1f, 0x2f, 0x74, 0x68, 0x6f, 0x72, 0x63, 0x68, 0x61, 0x69, 0x6e, 0x2f,
	0x74, 0x63, 0x79, 0x5f, 0x73, 0x74, 0x61, 0x6b, 0x65, 0x72, 0x2f, 0x7b, 0x61, 0x64, 0x64, 0x72,
	0x65, 0x73, 0x73, 0x7d, 0x12, 0x6b, 0x0a, 0x0a, 0x54, 0x43, 0x59, 0x53, 0x74, 0x61, 0x6b, 0x65,
	0x72, 0x73, 0x12, 0x1d, 0x2e, 0x74, 0x79, 0x70, 0x65, 0x73, 0x2e, 0x51, 0x75, 0x65, 0x72, 0x79,
	0x54, 0x43, 0x59, 0x53, 0x74, 0x61, 0x6b, 0x65, 0x72, 0x73, 0x52, 0x65, 0x71, 0x75, 0x65, 0x73,
	0x74, 0x1a, 0x1e, 0x2e, 0x74, 0x79, 0x70, 0x65, 0x73, 0x2e, 0x51, 0x75, 0x65, 0x72, 0x79, 0x54,
	0x43, 0x59, 0x53, 0x74, 0x61, 0x6b, 0x65, 0x72, 0x73, 0x52, 0x65, 0x73, 0x70, 0x6f, 0x6e, 0x73,
	0x65, 0x22, 0x1e, 0x82, 0xd3, 0xe4, 0x93, 0x02, 0x18, 0x12, 0x16, 0x2f, 0x74, 0x68, 0x6f, 0x72,
	0x63, 0x68, 0x61, 0x69, 0x6e, 0x2f, 0x74, 0x63, 0x79, 0x5f, 0x73, 0x74, 0x61, 0x6b, 0x65, 0x72,
	0x73, 0x12, 0x75, 0x0a, 0x0a, 0x54, 0x43, 0x59, 0x43, 0x6c, 0x61, 0x69, 0x6d, 0x65, 0x72, 0x12,
	0x1d, 0x2e, 0x74, 0x79, 0x70, 0x65, 0x73, 0x2e, 0x51, 0x75, 0x65, 0x72, 0x79, 0x54, 0x43, 0x59,
	0x43, 0x6c, 0x61, 0x69, 0x6d, 0x65, 0x72, 0x52, 0x65, 0x71, 0x75, 0x65, 0x73, 0x74, 0x1a, 0x1e,
	0x2e, 0x74, 0x79, 0x70, 0x65, 0x73, 0x2e, 0x51, 0x75, 0x65, 0x72, 0x79, 0x54, 0x43, 0x59, 0x43,
	0x6c, 0x61, 0x69, 0x6d, 0x65, 0x72, 0x52, 0x65, 0x73, 0x70, 0x6f, 0x6e, 0x73, 0x65, 0x22, 0x28,
	0x82, 0xd3, 0xe4, 0x93, 0x02, 0x22, 0x12, 0x20, 0x2f, 0x74, 0x68, 0x6f, 0x72, 0x63, 0x68, 0x61,
	0x69, 0x6e, 0x2f, 0x74, 0x63, 0x79, 0x5f, 0x63, 0x6c, 0x61, 0x69, 0x6d, 0x65, 0x72, 0x2f, 0x7b,
	0x61, 0x64, 0x64, 0x72, 0x65, 0x73, 0x73, 0x7d, 0x12, 0x6f, 0x0a, 0x0b, 0x54, 0x43, 0x59, 0x43,
	0x6c, 0x61, 0x69, 0x6d, 0x65, 0x72, 0x73, 0x12, 0x1e, 0x2e, 0x74, 0x79, 0x70, 0x65, 0x73, 0x2e,
	0x51, 0x75, 0x65, 0x72, 0x79, 0x54, 0x43, 0x59, 0x43, 0x6c, 0x61, 0x69, 0x6d, 0x65, 0x72, 0x73,
	0x52, 0x65, 0x71, 0x75, 0x65, 0x73, 0x74, 0x1a, 0x1f, 0x2e, 0x74, 0x79, 0x70, 0x65, 0x73, 0x2e,
	0x51, 0x75, 0x65, 0x72, 0x79, 0x54, 0x43, 0x59, 0x43, 0x6c, 0x61, 0x69, 0x6d, 0x65, 0x72, 0x73,
	0x52, 0x65, 0x73, 0x70, 0x6f, 0x6e, 0x73, 0x65, 0x22, 0x1f, 0x82, 0xd3, 0xe4, 0x93, 0x02, 0x19,
	0x12, 0x17, 0x2f, 0x74, 0x68, 0x6f, 0x72, 0x63, 0x68, 0x61, 0x69, 0x6e, 0x2f, 0x74, 0x63, 0x79,
	0x5f, 0x63, 0x6c, 0x61, 0x69, 0x6d, 0x65, 0x72, 0x73, 0x12, 0x73, 0x0a, 0x0c, 0x4f, 0x72, 0x61,
	0x63, 0x6c, 0x65, 0x50, 0x72, 0x69, 0x63, 0x65, 0x73, 0x12, 0x1f, 0x2e, 0x74, 0x79, 0x70, 0x65,
	0x73, 0x2e, 0x51, 0x75, 0x65, 0x72, 0x79, 0x4f, 0x72, 0x61, 0x63, 0x6c, 0x65, 0x50, 0x72, 0x69,
	0x63, 0x65, 0x73, 0x52, 0x65, 0x71, 0x75, 0x65, 0x73, 0x74, 0x1a, 0x20, 0x2e, 0x74, 0x79, 0x70,
	0x65, 0x73, 0x2e, 0x51, 0x75, 0x65, 0x72, 0x79, 0x4f, 0x72, 0x61, 0x63, 0x6c, 0x65, 0x50, 0x72,
	0x69, 0x63, 0x65, 0x73, 0x52, 0x65, 0x73, 0x70, 0x6f, 0x6e, 0x73, 0x65, 0x22, 0x20, 0x82, 0xd3,
	0xe4, 0x93, 0x02, 0x1a, 0x12, 0x18, 0x2f, 0x74, 0x68, 0x6f, 0x72, 0x63, 0x68, 0x61, 0x69, 0x6e,
	0x2f, 0x6f, 0x72, 0x61, 0x63, 0x6c, 0x65, 0x2f, 0x70, 0x72, 0x69, 0x63, 0x65, 0x73, 0x12, 0x78,
	0x0a, 0x0b, 0x4f, 0x72, 0x61, 0x63, 0x6c, 0x65, 0x50, 0x72, 0x69, 0x63, 0x65, 0x12, 0x1e, 0x2e,
	0x74, 0x79, 0x70, 0x65, 0x73, 0x2e, 0x51, 0x75, 0x65, 0x72, 0x79, 0x4f, 0x72, 0x61, 0x63, 0x6c,
	0x65, 0x50, 0x72, 0x69, 0x63, 0x65, 0x52, 0x65, 0x71, 0x75, 0x65, 0x73, 0x74, 0x1a, 0x1f, 0x2e,
	0x74, 0x79, 0x70, 0x65, 0x73, 0x2e, 0x51, 0x75, 0x65, 0x72, 0x79, 0x4f, 0x72, 0x61, 0x63, 0x6c,
	0x65, 0x50, 0x72, 0x69, 0x63, 0x65, 0x52, 0x65, 0x73, 0x70, 0x6f, 0x6e, 0x73, 0x65, 0x22, 0x28,
	0x82, 0xd3, 0xe4, 0x93, 0x02, 0x22, 0x12, 0x20, 0x2f, 0x74, 0x68, 0x6f, 0x72, 0x63, 0x68, 0x61,
	0x69, 0x6e, 0x2f, 0x6f, 0x72, 0x61, 0x63, 0x6c, 0x65, 0x2f, 0x70, 0x72, 0x69, 0x63, 0x65, 0x2f,
	0x7b, 0x73, 0x79, 0x6d, 0x62, 0x6f, 0x6c, 0x7d, 0x12, 0x78, 0x0a, 0x0f, 0x45, 0x69, 0x70, 0x37,
	0x31, 0x32, 0x54, 0x79, 0x70, 0x65, 0x64, 0x44, 0x61, 0x74, 0x61, 0x12, 0x22, 0x2e, 0x74, 0x79,
	0x70, 0x65, 0x73, 0x2e, 0x51, 0x75, 0x65, 0x72, 0x79, 0x45, 0x69, 0x70, 0x37, 0x31, 0x32, 0x54,
	0x79, 0x70, 0x65, 0x64, 0x44, 0x61, 0x74, 0x61, 0x52, 0x65, 0x71, 0x75, 0x65, 0x73, 0x74, 0x1a,
	0x23, 0x2e, 0x74, 0x79, 0x70, 0x65, 0x73, 0x2e, 0x51, 0x75, 0x65, 0x72, 0x79, 0x45, 0x69, 0x70,
	0x37, 0x31, 0x32, 0x54, 0x79, 0x70, 0x65, 0x64, 0x44, 0x61, 0x74, 0x61, 0x52, 0x65, 0x73, 0x70,
	0x6f, 0x6e, 0x73, 0x65, 0x22, 0x1c, 0x82, 0xd3, 0xe4, 0x93, 0x02, 0x16, 0x12, 0x14, 0x2f, 0x74,
	0x68, 0x6f, 0x72, 0x63, 0x68, 0x61, 0x69, 0x6e, 0x2f, 0x65, 0x69, 0x70, 0x37, 0x31, 0x35, 0x2f,
	0x74, 0x78, 0x12, 0x81, 0x01, 0x0a, 0x0d, 0x52, 0x65, 0x66, 0x65, 0x72, 0x65, 0x6e, 0x63, 0x65,
	0x4d, 0x65, 0x6d, 0x6f, 0x12, 0x20, 0x2e, 0x74, 0x79, 0x70, 0x65, 0x73, 0x2e, 0x51, 0x75, 0x65,
	0x72, 0x79, 0x52, 0x65, 0x66, 0x65, 0x72, 0x65, 0x6e, 0x63, 0x65, 0x4d, 0x65, 0x6d, 0x6f, 0x52,
	0x65, 0x71, 0x75, 0x65, 0x73, 0x74, 0x1a, 0x21, 0x2e, 0x74, 0x79, 0x70, 0x65, 0x73, 0x2e, 0x51,
	0x75, 0x65, 0x72, 0x79, 0x52, 0x65, 0x66, 0x65, 0x72, 0x65, 0x6e, 0x63, 0x65, 0x4d, 0x65, 0x6d,
	0x6f, 0x52, 0x65, 0x73, 0x70, 0x6f, 0x6e, 0x73, 0x65, 0x22, 0x2b, 0x82, 0xd3, 0xe4, 0x93, 0x02,
	0x25, 0x12, 0x23, 0x2f, 0x74, 0x68, 0x6f, 0x72, 0x63, 0x68, 0x61, 0x69, 0x6e, 0x2f, 0x6d, 0x65,
	0x6d, 0x6f, 0x2f, 0x7b, 0x61, 0x73, 0x73, 0x65, 0x74, 0x7d, 0x2f, 0x7b, 0x72, 0x65, 0x66, 0x65,
	0x72, 0x65, 0x6e, 0x63, 0x65, 0x7d, 0x12, 0x86, 0x01, 0x0a, 0x13, 0x52, 0x65, 0x66, 0x65, 0x72,
	0x65, 0x6e, 0x63, 0x65, 0x4d, 0x65, 0x6d, 0x6f, 0x42, 0x79, 0x48, 0x61, 0x73, 0x68, 0x12, 0x26,
	0x2e, 0x74, 0x79, 0x70, 0x65, 0x73, 0x2e, 0x51, 0x75, 0x65, 0x72, 0x79, 0x52, 0x65, 0x66, 0x65,
	0x72, 0x65, 0x6e, 0x63, 0x65, 0x4d, 0x65, 0x6d, 0x6f, 0x42, 0x79, 0x48, 0x61, 0x73, 0x68, 0x52,
	0x65, 0x71, 0x75, 0x65, 0x73, 0x74, 0x1a, 0x27, 0x2e, 0x74, 0x79, 0x70, 0x65, 0x73, 0x2e, 0x51,
	0x75, 0x65, 0x72, 0x79, 0x52, 0x65, 0x66, 0x65, 0x72, 0x65, 0x6e, 0x63, 0x65, 0x4d, 0x65, 0x6d,
	0x6f, 0x42, 0x79, 0x48, 0x61, 0x73, 0x68, 0x52, 0x65, 0x73, 0x70, 0x6f, 0x6e, 0x73, 0x65, 0x22,
	0x1e, 0x82, 0xd3, 0xe4, 0x93, 0x02, 0x18, 0x12, 0x16, 0x2f, 0x74, 0x68, 0x6f, 0x72, 0x63, 0x68,
	0x61, 0x69, 0x6e, 0x2f, 0x6d, 0x65, 0x6d, 0x6f, 0x2f, 0x7b, 0x68, 0x61, 0x73, 0x68, 0x7d, 0x12,
	0x9f, 0x01, 0x0a, 0x16, 0x52, 0x65, 0x66, 0x65, 0x72, 0x65, 0x6e, 0x63, 0x65, 0x4d, 0x65, 0x6d,
	0x6f, 0x50, 0x72, 0x65, 0x66, 0x6c, 0x69, 0x67, 0x68, 0x74, 0x12, 0x29, 0x2e, 0x74, 0x79, 0x70,
	0x65, 0x73, 0x2e, 0x51, 0x75, 0x65, 0x72, 0x79, 0x52, 0x65, 0x66, 0x65, 0x72, 0x65, 0x6e, 0x63,
	0x65, 0x4d, 0x65, 0x6d, 0x6f, 0x50, 0x72, 0x65, 0x66, 0x6c, 0x69, 0x67, 0x68, 0x74, 0x52, 0x65,
	0x71, 0x75, 0x65, 0x73, 0x74, 0x1a, 0x2a, 0x2e, 0x74, 0x79, 0x70, 0x65, 0x73, 0x2e, 0x51, 0x75,
	0x65, 0x72, 0x79, 0x52, 0x65, 0x66, 0x65, 0x72, 0x65, 0x6e, 0x63, 0x65, 0x4d, 0x65, 0x6d, 0x6f,
	0x50, 0x72, 0x65, 0x66, 0x6c, 0x69, 0x67, 0x68, 0x74, 0x52, 0x65, 0x73, 0x70, 0x6f, 0x6e, 0x73,
	0x65, 0x22, 0x2e, 0x82, 0xd3, 0xe4, 0x93, 0x02, 0x28, 0x12, 0x26, 0x2f, 0x74, 0x68, 0x6f, 0x72,
	0x63, 0x68, 0x61, 0x69, 0x6e, 0x2f, 0x6d, 0x65, 0x6d, 0x6f, 0x2f, 0x63, 0x68, 0x65, 0x63, 0x6b,
	0x2f, 0x7b, 0x61, 0x73, 0x73, 0x65, 0x74, 0x7d, 0x2f, 0x7b, 0x61, 0x6d, 0x6f, 0x75, 0x6e, 0x74,
	0x7d, 0x42, 0x7b, 0x0a, 0x09, 0x63, 0x6f, 0x6d, 0x2e, 0x74, 0x79, 0x70, 0x65, 0x73, 0x42, 0x0a,
	0x51, 0x75, 0x65, 0x72, 0x79, 0x50, 0x72, 0x6f, 0x74, 0x6f, 0x50, 0x01, 0x5a, 0x2a, 0x67, 0x69,
	0x74, 0x6c, 0x61, 0x62, 0x2e, 0x63, 0x6f, 0x6d, 0x2f, 0x74, 0x68, 0x6f, 0x72, 0x63, 0x68, 0x61,
	0x69, 0x6e, 0x2f, 0x74, 0x68, 0x6f, 0x72, 0x6e, 0x6f, 0x64, 0x65, 0x2f, 0x76, 0x33, 0x2f, 0x61,
	0x70, 0x69, 0x2f, 0x74, 0x79, 0x70, 0x65, 0x73, 0xa2, 0x02, 0x03, 0x54, 0x58, 0x58, 0xaa, 0x02,
	0x05, 0x54, 0x79, 0x70, 0x65, 0x73, 0xca, 0x02, 0x05, 0x54, 0x79, 0x70, 0x65, 0x73, 0xe2, 0x02,
	0x11, 0x54, 0x79, 0x70, 0x65, 0x73, 0x5c, 0x47, 0x50, 0x42, 0x4d, 0x65, 0x74, 0x61, 0x64, 0x61,
	0x74, 0x61, 0xea, 0x02, 0x05, 0x54, 0x79, 0x70, 0x65, 0x73, 0xc8, 0xe2, 0x1e, 0x01, 0x62, 0x06,
	0x70, 0x72, 0x6f, 0x74, 0x6f, 0x33,
}

var file_types_query_proto_goTypes = []interface{}{
	(*QueryAccountRequest)(nil),                 // 0: types.QueryAccountRequest
	(*QueryBalancesRequest)(nil),                // 1: types.QueryBalancesRequest
	(*QueryExportRequest)(nil),                  // 2: types.QueryExportRequest
	(*QueryPoolRequest)(nil),                    // 3: types.QueryPoolRequest
	(*QueryPoolsRequest)(nil),                   // 4: types.QueryPoolsRequest
	(*QueryDerivedPoolRequest)(nil),             // 5: types.QueryDerivedPoolRequest
	(*QueryDerivedPoolsRequest)(nil),            // 6: types.QueryDerivedPoolsRequest
	(*QueryLiquidityProviderRequest)(nil),       // 7: types.QueryLiquidityProviderRequest
	(*QueryLiquidityProvidersRequest)(nil),      // 8: types.QueryLiquidityProvidersRequest
	(*QuerySaverRequest)(nil),                   // 9: types.QuerySaverRequest
	(*QuerySaversRequest)(nil),                  // 10: types.QuerySaversRequest
	(*QueryBorrowerRequest)(nil),                // 11: types.QueryBorrowerRequest
	(*QueryBorrowersRequest)(nil),               // 12: types.QueryBorrowersRequest
	(*QueryTradeUnitRequest)(nil),               // 13: types.QueryTradeUnitRequest
	(*QueryTradeUnitsRequest)(nil),              // 14: types.QueryTradeUnitsRequest
	(*QueryTradeAccountRequest)(nil),            // 15: types.QueryTradeAccountRequest
	(*QueryTradeAccountsRequest)(nil),           // 16: types.QueryTradeAccountsRequest
	(*QuerySecuredAssetRequest)(nil),            // 17: types.QuerySecuredAssetRequest
	(*QuerySecuredAssetsRequest)(nil),           // 18: types.QuerySecuredAssetsRequest
	(*QueryNodeRequest)(nil),                    // 19: types.QueryNodeRequest
	(*QueryNodesRequest)(nil),                   // 20: types.QueryNodesRequest
	(*QueryPoolSlipRequest)(nil),                // 21: types.QueryPoolSlipRequest
	(*QueryPoolSlipsRequest)(nil),               // 22: types.QueryPoolSlipsRequest
	(*QueryOutboundFeeRequest)(nil),             // 23: types.QueryOutboundFeeRequest
	(*QueryOutboundFeesRequest)(nil),            // 24: types.QueryOutboundFeesRequest
	(*QueryStreamingSwapRequest)(nil),           // 25: types.QueryStreamingSwapRequest
	(*QueryStreamingSwapsRequest)(nil),          // 26: types.QueryStreamingSwapsRequest
	(*QueryBanRequest)(nil),                     // 27: types.QueryBanRequest
	(*QueryRagnarokRequest)(nil),                // 28: types.QueryRagnarokRequest
	(*QueryRunePoolRequest)(nil),                // 29: types.QueryRunePoolRequest
	(*QueryRuneProviderRequest)(nil),            // 30: types.QueryRuneProviderRequest
	(*QueryRuneProvidersRequest)(nil),           // 31: types.QueryRuneProvidersRequest
	(*QueryMimirValuesRequest)(nil),             // 32: types.QueryMimirValuesRequest
	(*QueryMimirWithKeyRequest)(nil),            // 33: types.QueryMimirWithKeyRequest
	(*QueryMimirAdminValuesRequest)(nil),        // 34: types.QueryMimirAdminValuesRequest
	(*QueryMimirNodesAllValuesRequest)(nil),     // 35: types.QueryMimirNodesAllValuesRequest
	(*QueryMimirNodesValuesRequest)(nil),        // 36: types.QueryMimirNodesValuesRequest
	(*QueryMimirNodeValuesRequest)(nil),         // 37: types.QueryMimirNodeValuesRequest
	(*QueryInboundAddressesRequest)(nil),        // 38: types.QueryInboundAddressesRequest
	(*QueryVersionRequest)(nil),                 // 39: types.QueryVersionRequest
	(*QueryThornameRequest)(nil),                // 40: types.QueryThornameRequest
	(*QueryInvariantRequest)(nil),               // 41: types.QueryInvariantRequest
	(*QueryInvariantsRequest)(nil),              // 42: types.QueryInvariantsRequest
	(*QueryNetworkRequest)(nil),                 // 43: types.QueryNetworkRequest
	(*QueryBalanceModuleRequest)(nil),           // 44: types.QueryBalanceModuleRequest
	(*QueryQuoteSwapRequest)(nil),               // 45: types.QueryQuoteSwapRequest
	(*QueryConstantValuesRequest)(nil),          // 46: types.QueryConstantValuesRequest
	(*QuerySwapQueueRequest)(nil),               // 47: types.QuerySwapQueueRequest
	(*QuerySwapDetailsRequest)(nil),             // 48: types.QuerySwapDetailsRequest
	(*QueryLimitSwapsRequest)(nil),              // 49: types.QueryLimitSwapsRequest
	(*QueryLimitSwapsSummaryRequest)(nil),       // 50: types.QueryLimitSwapsSummaryRequest
	(*QueryLastBlocksRequest)(nil),              // 51: types.QueryLastBlocksRequest
	(*QueryChainsLastBlockRequest)(nil),         // 52: types.QueryChainsLastBlockRequest
	(*QueryVaultRequest)(nil),                   // 53: types.QueryVaultRequest
	(*QueryAsgardVaultsRequest)(nil),            // 54: types.QueryAsgardVaultsRequest
	(*QueryVaultsPubkeysRequest)(nil),           // 55: types.QueryVaultsPubkeysRequest
	(*QueryTxStagesRequest)(nil),                // 56: types.QueryTxStagesRequest
	(*QueryTxStatusRequest)(nil),                // 57: types.QueryTxStatusRequest
	(*QueryTxRequest)(nil),                      // 58: types.QueryTxRequest
	(*QueryTxVotersRequest)(nil),                // 59: types.QueryTxVotersRequest
	(*QuerySwapperCloutRequest)(nil),            // 60: types.QuerySwapperCloutRequest
	(*QueryQueueRequest)(nil),                   // 61: types.QueryQueueRequest
	(*QueryScheduledOutboundRequest)(nil),       // 62: types.QueryScheduledOutboundRequest
	(*QueryPendingOutboundRequest)(nil),         // 63: types.QueryPendingOutboundRequest
	(*QueryBlockRequest)(nil),                   // 64: types.QueryBlockRequest
	(*QueryTssKeygenMetricRequest)(nil),         // 65: types.QueryTssKeygenMetricRequest
	(*QueryTssMetricRequest)(nil),               // 66: types.QueryTssMetricRequest
	(*QueryKeysignRequest)(nil),                 // 67: types.QueryKeysignRequest
	(*QueryKeysignPubkeyRequest)(nil),           // 68: types.QueryKeysignPubkeyRequest
	(*QueryKeygenRequest)(nil),                  // 69: types.QueryKeygenRequest
	(*QueryUpgradeProposalsRequest)(nil),        // 70: types.QueryUpgradeProposalsRequest
	(*QueryUpgradeProposalRequest)(nil),         // 71: types.QueryUpgradeProposalRequest
	(*QueryUpgradeVotesRequest)(nil),            // 72: types.QueryUpgradeVotesRequest
	(*QueryTCYStakerRequest)(nil),               // 73: types.QueryTCYStakerRequest
	(*QueryTCYStakersRequest)(nil),              // 74: types.QueryTCYStakersRequest
	(*QueryTCYClaimerRequest)(nil),              // 75: types.QueryTCYClaimerRequest
	(*QueryTCYClaimersRequest)(nil),             // 76: types.QueryTCYClaimersRequest
	(*QueryOraclePricesRequest)(nil),            // 77: types.QueryOraclePricesRequest
	(*QueryOraclePriceRequest)(nil),             // 78: types.QueryOraclePriceRequest
	(*QueryEip712TypedDataRequest)(nil),         // 79: types.QueryEip712TypedDataRequest
	(*QueryReferenceMemoRequest)(nil),           // 80: types.QueryReferenceMemoRequest
	(*QueryReferenceMemoByHashRequest)(nil),     // 81: types.QueryReferenceMemoByHashRequest
	(*QueryReferenceMemoPreflightRequest)(nil),  // 82: types.QueryReferenceMemoPreflightRequest
	(*QueryAccountResponse)(nil),                // 83: types.QueryAccountResponse
	(*QueryBalancesResponse)(nil),               // 84: types.QueryBalancesResponse
	(*QueryExportResponse)(nil),                 // 85: types.QueryExportResponse
	(*QueryPoolResponse)(nil),                   // 86: types.QueryPoolResponse
	(*QueryPoolsResponse)(nil),                  // 87: types.QueryPoolsResponse
	(*QueryDerivedPoolResponse)(nil),            // 88: types.QueryDerivedPoolResponse
	(*QueryDerivedPoolsResponse)(nil),           // 89: types.QueryDerivedPoolsResponse
	(*QueryLiquidityProviderResponse)(nil),      // 90: types.QueryLiquidityProviderResponse
	(*QueryLiquidityProvidersResponse)(nil),     // 91: types.QueryLiquidityProvidersResponse
	(*QuerySaverResponse)(nil),                  // 92: types.QuerySaverResponse
	(*QuerySaversResponse)(nil),                 // 93: types.QuerySaversResponse
	(*QueryBorrowerResponse)(nil),               // 94: types.QueryBorrowerResponse
	(*QueryBorrowersResponse)(nil),              // 95: types.QueryBorrowersResponse
	(*QueryTradeUnitResponse)(nil),              // 96: types.QueryTradeUnitResponse
	(*QueryTradeUnitsResponse)(nil),             // 97: types.QueryTradeUnitsResponse
	(*QueryTradeAccountsResponse)(nil),          // 98: types.QueryTradeAccountsResponse
	(*QuerySecuredAssetResponse)(nil),           // 99: types.QuerySecuredAssetResponse
	(*QuerySecuredAssetsResponse)(nil),          // 100: types.QuerySecuredAssetsResponse
	(*QueryNodeResponse)(nil),                   // 101: types.QueryNodeResponse
	(*QueryNodesResponse)(nil),                  // 102: types.QueryNodesResponse
	(*QueryPoolSlipsResponse)(nil),              // 103: types.QueryPoolSlipsResponse
	(*QueryOutboundFeesResponse)(nil),           // 104: types.QueryOutboundFeesResponse
	(*QueryStreamingSwapResponse)(nil),          // 105: types.QueryStreamingSwapResponse
	(*QueryStreamingSwapsResponse)(nil),         // 106: types.QueryStreamingSwapsResponse
	(*BanVoter)(nil),                            // 107: types.BanVoter
	(*QueryRagnarokResponse)(nil),               // 108: types.QueryRagnarokResponse
	(*QueryRunePoolResponse)(nil),               // 109: types.QueryRunePoolResponse
	(*QueryRuneProviderResponse)(nil),           // 110: types.QueryRuneProviderResponse
	(*QueryRuneProvidersResponse)(nil),          // 111: types.QueryRuneProvidersResponse
	(*QueryMimirValuesResponse)(nil),            // 112: types.QueryMimirValuesResponse
	(*QueryMimirWithKeyResponse)(nil),           // 113: types.QueryMimirWithKeyResponse
	(*QueryMimirAdminValuesResponse)(nil),       // 114: types.QueryMimirAdminValuesResponse
	(*QueryMimirNodesAllValuesResponse)(nil),    // 115: types.QueryMimirNodesAllValuesResponse
	(*QueryMimirNodesValuesResponse)(nil),       // 116: types.QueryMimirNodesValuesResponse
	(*QueryMimirNodeValuesResponse)(nil),        // 117: types.QueryMimirNodeValuesResponse
	(*QueryInboundAddressesResponse)(nil),       // 118: types.QueryInboundAddressesResponse
	(*QueryVersionResponse)(nil),                // 119: types.QueryVersionResponse
	(*QueryThornameResponse)(nil),               // 120: types.QueryThornameResponse
	(*QueryInvariantResponse)(nil),              // 121: types.QueryInvariantResponse
	(*QueryInvariantsResponse)(nil),             // 122: types.QueryInvariantsResponse
	(*QueryNetworkResponse)(nil),                // 123: types.QueryNetworkResponse
	(*QueryBalanceModuleResponse)(nil),          // 124: types.QueryBalanceModuleResponse
	(*QueryQuoteSwapResponse)(nil),              // 125: types.QueryQuoteSwapResponse
	(*QueryConstantValuesResponse)(nil),         // 126: types.QueryConstantValuesResponse
	(*QuerySwapQueueResponse)(nil),              // 127: types.QuerySwapQueueResponse
	(*QuerySwapDetailsResponse)(nil),            // 128: types.QuerySwapDetailsResponse
	(*QueryLimitSwapsResponse)(nil),             // 129: types.QueryLimitSwapsResponse
	(*QueryLimitSwapsSummaryResponse)(nil),      // 130: types.QueryLimitSwapsSummaryResponse
	(*QueryLastBlocksResponse)(nil),             // 131: types.QueryLastBlocksResponse
	(*QueryVaultResponse)(nil),                  // 132: types.QueryVaultResponse
	(*QueryAsgardVaultsResponse)(nil),           // 133: types.QueryAsgardVaultsResponse
	(*QueryVaultsPubkeysResponse)(nil),          // 134: types.QueryVaultsPubkeysResponse
	(*QueryTxStagesResponse)(nil),               // 135: types.QueryTxStagesResponse
	(*QueryTxStatusResponse)(nil),               // 136: types.QueryTxStatusResponse
	(*QueryTxResponse)(nil),                     // 137: types.QueryTxResponse
	(*QueryObservedTxVoter)(nil),                // 138: types.QueryObservedTxVoter
	(*SwapperClout)(nil),                        // 139: types.SwapperClout
	(*QueryQueueResponse)(nil),                  // 140: types.QueryQueueResponse
	(*QueryOutboundResponse)(nil),               // 141: types.QueryOutboundResponse
	(*QueryBlockResponse)(nil),                  // 142: types.QueryBlockResponse
	(*QueryTssKeygenMetricResponse)(nil),        // 143: types.QueryTssKeygenMetricResponse
	(*QueryTssMetricResponse)(nil),              // 144: types.QueryTssMetricResponse
	(*QueryKeysignResponse)(nil),                // 145: types.QueryKeysignResponse
	(*QueryKeygenResponse)(nil),                 // 146: types.QueryKeygenResponse
	(*QueryUpgradeProposalsResponse)(nil),       // 147: types.QueryUpgradeProposalsResponse
	(*QueryUpgradeProposalResponse)(nil),        // 148: types.QueryUpgradeProposalResponse
	(*QueryUpgradeVotesResponse)(nil),           // 149: types.QueryUpgradeVotesResponse
	(*QueryTCYStakerResponse)(nil),              // 150: types.QueryTCYStakerResponse
	(*QueryTCYStakersResponse)(nil),             // 151: types.QueryTCYStakersResponse
	(*QueryTCYClaimerResponse)(nil),             // 152: types.QueryTCYClaimerResponse
	(*QueryTCYClaimersResponse)(nil),            // 153: types.QueryTCYClaimersResponse
	(*QueryOraclePricesResponse)(nil),           // 154: types.QueryOraclePricesResponse
	(*QueryOraclePriceResponse)(nil),            // 155: types.QueryOraclePriceResponse
	(*QueryEip712TypedDataResponse)(nil),        // 156: types.QueryEip712TypedDataResponse
	(*QueryReferenceMemoResponse)(nil),          // 157: types.QueryReferenceMemoResponse
	(*QueryReferenceMemoByHashResponse)(nil),    // 158: types.QueryReferenceMemoByHashResponse
	(*QueryReferenceMemoPreflightResponse)(nil), // 159: types.QueryReferenceMemoPreflightResponse
}
var file_types_query_proto_depIdxs = []int32{
	0,   // 0: types.Query.Account:input_type -> types.QueryAccountRequest
	1,   // 1: types.Query.Balances:input_type -> types.QueryBalancesRequest
	2,   // 2: types.Query.Export:input_type -> types.QueryExportRequest
	3,   // 3: types.Query.Pool:input_type -> types.QueryPoolRequest
	4,   // 4: types.Query.Pools:input_type -> types.QueryPoolsRequest
	5,   // 5: types.Query.DerivedPool:input_type -> types.QueryDerivedPoolRequest
	6,   // 6: types.Query.DerivedPools:input_type -> types.QueryDerivedPoolsRequest
	7,   // 7: types.Query.LiquidityProvider:input_type -> types.QueryLiquidityProviderRequest
	8,   // 8: types.Query.LiquidityProviders:input_type -> types.QueryLiquidityProvidersRequest
	9,   // 9: types.Query.Saver:input_type -> types.QuerySaverRequest
	10,  // 10: types.Query.Savers:input_type -> types.QuerySaversRequest
	11,  // 11: types.Query.Borrower:input_type -> types.QueryBorrowerRequest
	12,  // 12: types.Query.Borrowers:input_type -> types.QueryBorrowersRequest
	13,  // 13: types.Query.TradeUnit:input_type -> types.QueryTradeUnitRequest
	14,  // 14: types.Query.TradeUnits:input_type -> types.QueryTradeUnitsRequest
	15,  // 15: types.Query.TradeAccount:input_type -> types.QueryTradeAccountRequest
	16,  // 16: types.Query.TradeAccounts:input_type -> types.QueryTradeAccountsRequest
	17,  // 17: types.Query.SecuredAsset:input_type -> types.QuerySecuredAssetRequest
	18,  // 18: types.Query.SecuredAssets:input_type -> types.QuerySecuredAssetsRequest
	19,  // 19: types.Query.Node:input_type -> types.QueryNodeRequest
	20,  // 20: types.Query.Nodes:input_type -> types.QueryNodesRequest
	21,  // 21: types.Query.PoolSlip:input_type -> types.QueryPoolSlipRequest
	22,  // 22: types.Query.PoolSlips:input_type -> types.QueryPoolSlipsRequest
	23,  // 23: types.Query.OutboundFee:input_type -> types.QueryOutboundFeeRequest
	24,  // 24: types.Query.OutboundFees:input_type -> types.QueryOutboundFeesRequest
	25,  // 25: types.Query.StreamingSwap:input_type -> types.QueryStreamingSwapRequest
	26,  // 26: types.Query.StreamingSwaps:input_type -> types.QueryStreamingSwapsRequest
	27,  // 27: types.Query.Ban:input_type -> types.QueryBanRequest
	28,  // 28: types.Query.Ragnarok:input_type -> types.QueryRagnarokRequest
	29,  // 29: types.Query.RunePool:input_type -> types.QueryRunePoolRequest
	30,  // 30: types.Query.RuneProvider:input_type -> types.QueryRuneProviderRequest
	31,  // 31: types.Query.RuneProviders:input_type -> types.QueryRuneProvidersRequest
	32,  // 32: types.Query.MimirValues:input_type -> types.QueryMimirValuesRequest
	33,  // 33: types.Query.MimirWithKey:input_type -> types.QueryMimirWithKeyRequest
	34,  // 34: types.Query.MimirAdminValues:input_type -> types.QueryMimirAdminValuesRequest
	35,  // 35: types.Query.MimirNodesAllValues:input_type -> types.QueryMimirNodesAllValuesRequest
	36,  // 36: types.Query.MimirNodesValues:input_type -> types.QueryMimirNodesValuesRequest
	37,  // 37: types.Query.MimirNodeValues:input_type -> types.QueryMimirNodeValuesRequest
	38,  // 38: types.Query.InboundAddresses:input_type -> types.QueryInboundAddressesRequest
	39,  // 39: types.Query.Version:input_type -> types.QueryVersionRequest
	40,  // 40: types.Query.Thorname:input_type -> types.QueryThornameRequest
	41,  // 41: types.Query.Invariant:input_type -> types.QueryInvariantRequest
	42,  // 42: types.Query.Invariants:input_type -> types.QueryInvariantsRequest
	43,  // 43: types.Query.Network:input_type -> types.QueryNetworkRequest
	44,  // 44: types.Query.BalanceModule:input_type -> types.QueryBalanceModuleRequest
	45,  // 45: types.Query.QuoteSwap:input_type -> types.QueryQuoteSwapRequest
	46,  // 46: types.Query.ConstantValues:input_type -> types.QueryConstantValuesRequest
	47,  // 47: types.Query.SwapQueue:input_type -> types.QuerySwapQueueRequest
	48,  // 48: types.Query.SwapDetails:input_type -> types.QuerySwapDetailsRequest
	49,  // 49: types.Query.LimitSwaps:input_type -> types.QueryLimitSwapsRequest
	50,  // 50: types.Query.LimitSwapsSummary:input_type -> types.QueryLimitSwapsSummaryRequest
	51,  // 51: types.Query.LastBlocks:input_type -> types.QueryLastBlocksRequest
	52,  // 52: types.Query.ChainsLastBlock:input_type -> types.QueryChainsLastBlockRequest
	53,  // 53: types.Query.Vault:input_type -> types.QueryVaultRequest
	54,  // 54: types.Query.AsgardVaults:input_type -> types.QueryAsgardVaultsRequest
	55,  // 55: types.Query.VaultsPubkeys:input_type -> types.QueryVaultsPubkeysRequest
	56,  // 56: types.Query.TxStages:input_type -> types.QueryTxStagesRequest
	57,  // 57: types.Query.TxStatus:input_type -> types.QueryTxStatusRequest
	58,  // 58: types.Query.Tx:input_type -> types.QueryTxRequest
	59,  // 59: types.Query.TxVoters:input_type -> types.QueryTxVotersRequest
	59,  // 60: types.Query.TxVotersOld:input_type -> types.QueryTxVotersRequest
	60,  // 61: types.Query.Clout:input_type -> types.QuerySwapperCloutRequest
	61,  // 62: types.Query.Queue:input_type -> types.QueryQueueRequest
	62,  // 63: types.Query.ScheduledOutbound:input_type -> types.QueryScheduledOutboundRequest
	63,  // 64: types.Query.PendingOutbound:input_type -> types.QueryPendingOutboundRequest
	64,  // 65: types.Query.Block:input_type -> types.QueryBlockRequest
	65,  // 66: types.Query.TssKeygenMetric:input_type -> types.QueryTssKeygenMetricRequest
	66,  // 67: types.Query.TssMetric:input_type -> types.QueryTssMetricRequest
	67,  // 68: types.Query.Keysign:input_type -> types.QueryKeysignRequest
	68,  // 69: types.Query.KeysignPubkey:input_type -> types.QueryKeysignPubkeyRequest
	69,  // 70: types.Query.Keygen:input_type -> types.QueryKeygenRequest
	70,  // 71: types.Query.UpgradeProposals:input_type -> types.QueryUpgradeProposalsRequest
	71,  // 72: types.Query.UpgradeProposal:input_type -> types.QueryUpgradeProposalRequest
	72,  // 73: types.Query.UpgradeVotes:input_type -> types.QueryUpgradeVotesRequest
	73,  // 74: types.Query.TCYStaker:input_type -> types.QueryTCYStakerRequest
	74,  // 75: types.Query.TCYStakers:input_type -> types.QueryTCYStakersRequest
	75,  // 76: types.Query.TCYClaimer:input_type -> types.QueryTCYClaimerRequest
	76,  // 77: types.Query.TCYClaimers:input_type -> types.QueryTCYClaimersRequest
	77,  // 78: types.Query.OraclePrices:input_type -> types.QueryOraclePricesRequest
	78,  // 79: types.Query.OraclePrice:input_type -> types.QueryOraclePriceRequest
	79,  // 80: types.Query.Eip712TypedData:input_type -> types.QueryEip712TypedDataRequest
	80,  // 81: types.Query.ReferenceMemo:input_type -> types.QueryReferenceMemoRequest
	81,  // 82: types.Query.ReferenceMemoByHash:input_type -> types.QueryReferenceMemoByHashRequest
	82,  // 83: types.Query.ReferenceMemoPreflight:input_type -> types.QueryReferenceMemoPreflightRequest
	83,  // 84: types.Query.Account:output_type -> types.QueryAccountResponse
	84,  // 85: types.Query.Balances:output_type -> types.QueryBalancesResponse
	85,  // 86: types.Query.Export:output_type -> types.QueryExportResponse
	86,  // 87: types.Query.Pool:output_type -> types.QueryPoolResponse
	87,  // 88: types.Query.Pools:output_type -> types.QueryPoolsResponse
	88,  // 89: types.Query.DerivedPool:output_type -> types.QueryDerivedPoolResponse
	89,  // 90: types.Query.DerivedPools:output_type -> types.QueryDerivedPoolsResponse
	90,  // 91: types.Query.LiquidityProvider:output_type -> types.QueryLiquidityProviderResponse
	91,  // 92: types.Query.LiquidityProviders:output_type -> types.QueryLiquidityProvidersResponse
	92,  // 93: types.Query.Saver:output_type -> types.QuerySaverResponse
	93,  // 94: types.Query.Savers:output_type -> types.QuerySaversResponse
	94,  // 95: types.Query.Borrower:output_type -> types.QueryBorrowerResponse
	95,  // 96: types.Query.Borrowers:output_type -> types.QueryBorrowersResponse
	96,  // 97: types.Query.TradeUnit:output_type -> types.QueryTradeUnitResponse
	97,  // 98: types.Query.TradeUnits:output_type -> types.QueryTradeUnitsResponse
	98,  // 99: types.Query.TradeAccount:output_type -> types.QueryTradeAccountsResponse
	98,  // 100: types.Query.TradeAccounts:output_type -> types.QueryTradeAccountsResponse
	99,  // 101: types.Query.SecuredAsset:output_type -> types.QuerySecuredAssetResponse
	100, // 102: types.Query.SecuredAssets:output_type -> types.QuerySecuredAssetsResponse
	101, // 103: types.Query.Node:output_type -> types.QueryNodeResponse
	102, // 104: types.Query.Nodes:output_type -> types.QueryNodesResponse
	103, // 105: types.Query.PoolSlip:output_type -> types.QueryPoolSlipsResponse
	103, // 106: types.Query.PoolSlips:output_type -> types.QueryPoolSlipsResponse
	104, // 107: types.Query.OutboundFee:output_type -> types.QueryOutboundFeesResponse
	104, // 108: types.Query.OutboundFees:output_type -> types.QueryOutboundFeesResponse
	105, // 109: types.Query.StreamingSwap:output_type -> types.QueryStreamingSwapResponse
	106, // 110: types.Query.StreamingSwaps:output_type -> types.QueryStreamingSwapsResponse
	107, // 111: types.Query.Ban:output_type -> types.BanVoter
	108, // 112: types.Query.Ragnarok:output_type -> types.QueryRagnarokResponse
	109, // 113: types.Query.RunePool:output_type -> types.QueryRunePoolResponse
	110, // 114: types.Query.RuneProvider:output_type -> types.QueryRuneProviderResponse
	111, // 115: types.Query.RuneProviders:output_type -> types.QueryRuneProvidersResponse
	112, // 116: types.Query.MimirValues:output_type -> types.QueryMimirValuesResponse
	113, // 117: types.Query.MimirWithKey:output_type -> types.QueryMimirWithKeyResponse
	114, // 118: types.Query.MimirAdminValues:output_type -> types.QueryMimirAdminValuesResponse
	115, // 119: types.Query.MimirNodesAllValues:output_type -> types.QueryMimirNodesAllValuesResponse
	116, // 120: types.Query.MimirNodesValues:output_type -> types.QueryMimirNodesValuesResponse
	117, // 121: types.Query.MimirNodeValues:output_type -> types.QueryMimirNodeValuesResponse
	118, // 122: types.Query.InboundAddresses:output_type -> types.QueryInboundAddressesResponse
	119, // 123: types.Query.Version:output_type -> types.QueryVersionResponse
	120, // 124: types.Query.Thorname:output_type -> types.QueryThornameResponse
	121, // 125: types.Query.Invariant:output_type -> types.QueryInvariantResponse
	122, // 126: types.Query.Invariants:output_type -> types.QueryInvariantsResponse
	123, // 127: types.Query.Network:output_type -> types.QueryNetworkResponse
	124, // 128: types.Query.BalanceModule:output_type -> types.QueryBalanceModuleResponse
	125, // 129: types.Query.QuoteSwap:output_type -> types.QueryQuoteSwapResponse
	126, // 130: types.Query.ConstantValues:output_type -> types.QueryConstantValuesResponse
	127, // 131: types.Query.SwapQueue:output_type -> types.QuerySwapQueueResponse
	128, // 132: types.Query.SwapDetails:output_type -> types.QuerySwapDetailsResponse
	129, // 133: types.Query.LimitSwaps:output_type -> types.QueryLimitSwapsResponse
	130, // 134: types.Query.LimitSwapsSummary:output_type -> types.QueryLimitSwapsSummaryResponse
	131, // 135: types.Query.LastBlocks:output_type -> types.QueryLastBlocksResponse
	131, // 136: types.Query.ChainsLastBlock:output_type -> types.QueryLastBlocksResponse
	132, // 137: types.Query.Vault:output_type -> types.QueryVaultResponse
	133, // 138: types.Query.AsgardVaults:output_type -> types.QueryAsgardVaultsResponse
	134, // 139: types.Query.VaultsPubkeys:output_type -> types.QueryVaultsPubkeysResponse
	135, // 140: types.Query.TxStages:output_type -> types.QueryTxStagesResponse
	136, // 141: types.Query.TxStatus:output_type -> types.QueryTxStatusResponse
	137, // 142: types.Query.Tx:output_type -> types.QueryTxResponse
	138, // 143: types.Query.TxVoters:output_type -> types.QueryObservedTxVoter
	138, // 144: types.Query.TxVotersOld:output_type -> types.QueryObservedTxVoter
	139, // 145: types.Query.Clout:output_type -> types.SwapperClout
	140, // 146: types.Query.Queue:output_type -> types.QueryQueueResponse
	141, // 147: types.Query.ScheduledOutbound:output_type -> types.QueryOutboundResponse
	141, // 148: types.Query.PendingOutbound:output_type -> types.QueryOutboundResponse
	142, // 149: types.Query.Block:output_type -> types.QueryBlockResponse
	143, // 150: types.Query.TssKeygenMetric:output_type -> types.QueryTssKeygenMetricResponse
	144, // 151: types.Query.TssMetric:output_type -> types.QueryTssMetricResponse
	145, // 152: types.Query.Keysign:output_type -> types.QueryKeysignResponse
	145, // 153: types.Query.KeysignPubkey:output_type -> types.QueryKeysignResponse
	146, // 154: types.Query.Keygen:output_type -> types.QueryKeygenResponse
	147, // 155: types.Query.UpgradeProposals:output_type -> types.QueryUpgradeProposalsResponse
	148, // 156: types.Query.UpgradeProposal:output_type -> types.QueryUpgradeProposalResponse
	149, // 157: types.Query.UpgradeVotes:output_type -> types.QueryUpgradeVotesResponse
	150, // 158: types.Query.TCYStaker:output_type -> types.QueryTCYStakerResponse
	151, // 159: types.Query.TCYStakers:output_type -> types.QueryTCYStakersResponse
	152, // 160: types.Query.TCYClaimer:output_type -> types.QueryTCYClaimerResponse
	153, // 161: types.Query.TCYClaimers:output_type -> types.QueryTCYClaimersResponse
	154, // 162: types.Query.OraclePrices:output_type -> types.QueryOraclePricesResponse
	155, // 163: types.Query.OraclePrice:output_type -> types.QueryOraclePriceResponse
	156, // 164: types.Query.Eip712TypedData:output_type -> types.QueryEip712TypedDataResponse
	157, // 165: types.Query.ReferenceMemo:output_type -> types.QueryReferenceMemoResponse
	158, // 166: types.Query.ReferenceMemoByHash:output_type -> types.QueryReferenceMemoByHashResponse
	159, // 167: types.Query.ReferenceMemoPreflight:output_type -> types.QueryReferenceMemoPreflightResponse
	84,  // [84:168] is the sub-list for method output_type
	0,   // [0:84] is the sub-list for method input_type
	0,   // [0:0] is the sub-list for extension type_name
	0,   // [0:0] is the sub-list for extension extendee
	0,   // [0:0] is the sub-list for field type_name
}

func init() { file_types_query_proto_init() }
func file_types_query_proto_init() {
	if File_types_query_proto != nil {
		return
	}
	file_types_query_pool_proto_init()
	file_types_query_derived_pool_proto_init()
	file_types_query_liquidity_provider_proto_init()
	file_types_query_saver_proto_init()
	file_types_query_borrower_proto_init()
	file_types_query_trade_unit_proto_init()
	file_types_query_trade_account_proto_init()
	file_types_query_node_proto_init()
	file_types_query_pool_slip_proto_init()
	file_types_query_outbound_fee_proto_init()
	file_types_query_streaming_swap_proto_init()
	file_types_query_ban_proto_init()
	file_types_type_ban_voter_proto_init()
	file_types_query_ragnarok_proto_init()
	file_types_query_rune_pool_proto_init()
	file_types_query_rune_provider_proto_init()
	file_types_query_mimir_proto_init()
	file_types_query_inbound_address_proto_init()
	file_types_query_version_proto_init()
	file_types_query_thorname_proto_init()
	file_types_query_invariants_proto_init()
	file_types_query_network_proto_init()
	file_types_query_balance_module_proto_init()
	file_types_query_quotes_proto_init()
	file_types_query_constant_values_proto_init()
	file_types_query_swap_queue_proto_init()
	file_types_query_swap_details_proto_init()
	file_types_query_limit_swaps_proto_init()
	file_types_query_limit_swaps_summary_proto_init()
	file_types_query_last_block_proto_init()
	file_types_query_vault_proto_init()
	file_types_query_tx_proto_init()
	file_types_query_swapper_clout_proto_init()
	file_types_type_clout_proto_init()
	file_types_query_queue_proto_init()
	file_types_query_outbound_proto_init()
	file_types_query_block_proto_init()
	file_types_query_tss_proto_init()
	file_types_type_tss_metric_proto_init()
	file_types_query_keystore_proto_init()
	file_types_query_upgrade_proto_init()
	file_types_query_account_proto_init()
	file_types_query_export_proto_init()
	file_types_query_bank_proto_init()
	file_types_query_secured_asset_proto_init()
	file_types_query_tcy_stakers_proto_init()
	file_types_query_tcy_claimers_proto_init()
	file_types_query_codes_proto_init()
	file_types_query_oracle_price_proto_init()
	file_types_query_eip712_proto_init()
	file_types_query_reference_memo_proto_init()
	type x struct{}
	out := protoimpl.TypeBuilder{
		File: protoimpl.DescBuilder{
			GoPackagePath: reflect.TypeOf(x{}).PkgPath(),
			RawDescriptor: file_types_query_proto_rawDesc,
			NumEnums:      0,
			NumMessages:   0,
			NumExtensions: 0,
			NumServices:   1,
		},
		GoTypes:           file_types_query_proto_goTypes,
		DependencyIndexes: file_types_query_proto_depIdxs,
	}.Build()
	File_types_query_proto = out.File
	file_types_query_proto_rawDesc = nil
	file_types_query_proto_goTypes = nil
	file_types_query_proto_depIdxs = nil
}
